user_id;group_x;login_time;age;gender;training_level;specialization;patient_records_exp;patient_records_years;clinical_reasoning_training;clinical_reasoning_desc;clinical_notes_confidence;gen_ai_familiarity;prompt_eng_familiarity;cds_familiarity;tools_used;other_tools;llm_usage_frequency;use_cases;other_use_cases;trust_level;expectations;task_id;completion_status;task_duration;timestamp;task_start;task_end;clinical_usefulness;medical_inaccuracies;prompt_count;start_time;end_time;MQ_inaccuracies;CL_performance;MQ_usefulness;PE_understanding;PE_difficulty;CL_mental;CL_frustration;MQ_accuracy;model_name;duration;group_y;model_type;event_type;survey_data
0173db9e-17dc-434c-8dfa-885604ad9c82;A;2025-05-27T17:06:55.355579;Prefer not to say;Non-binary;Medical Student (Pre-clinical);;No;0.0;No;;2;3;3;3;;;1-3 times per month;;;3;;1.0;started;;2025-05-27T17:07:04.082609;2025-05-27T17:07:04.082609;;;;;;;;;;;;;;;;;;;;
032c8761-aad2-4b97-9680-0bf1f0f0265e;B;2025-05-26T20:34:47.626514;Prefer not to say;Non-binary;Medical Student (Pre-clinical);;No;0.0;Yes;;3;3;3;3;;;1-3 times per month;;;3;;1.0;completed;13.732995;2025-05-26T20:35:08.129330;2025-05-26T20:34:54.396293;2025-05-26T20:35:08.129308;;;1.0;2025-05-26T20:34:54.396293;2025-05-26T20:35:08.129308;;3.0;3.0;3.0;3.0;3.0;3.0;3.0;;;;;;
032c8761-aad2-4b97-9680-0bf1f0f0265e;B;2025-05-26T20:34:47.626514;Prefer not to say;Non-binary;Medical Student (Pre-clinical);;No;0.0;Yes;;3;3;3;3;;;1-3 times per month;;;3;;1.0;;;2025-05-26T20:35:08.141107;;;;;1.0;;;;;;;;;;;llama3-med42-8b;13.7448;B;Ollama;TASK_COMPLETION;{'timestamp': '2025-05-26T20:35:08.129330', 'user_id': '032c8761-aad2-4b97-9680-0bf1f0f0265e', 'task_number': 1, 'difficulty': 3, 'mental_demand': 3, 'frustration': 3, 'accuracy': 3, 'task_accomplishment': 3, 'expectation_match': 3, 'clinical_usefulness': 3, 'medical_inaccuracies': '', 'task_duration': 13.7448, 'start_time': '2025-05-26T20:34:54.396293', 'end_time': '2025-05-26T20:35:08.141100', 'prompt_count': 1}
032c8761-aad2-4b97-9680-0bf1f0f0265e;B;2025-05-26T20:34:47.626514;Prefer not to say;Non-binary;Medical Student (Pre-clinical);;No;0.0;Yes;;3;3;3;3;;;1-3 times per month;;;3;;2.0;completed;15.024983;2025-05-26T20:35:27.010928;2025-05-26T20:35:11.985855;2025-05-26T20:35:27.010859;;;1.0;2025-05-26T20:35:11.985855;2025-05-26T20:35:27.010859;;3.0;3.0;3.0;3.0;3.0;3.0;3.0;;;;;;
032c8761-aad2-4b97-9680-0bf1f0f0265e;B;2025-05-26T20:34:47.626514;Prefer not to say;Non-binary;Medical Student (Pre-clinical);;No;0.0;Yes;;3;3;3;3;;;1-3 times per month;;;3;;2.0;;;2025-05-26T20:35:27.026836;;;;;1.0;;;;;;;;;;;llama3-med42-8b;15.040944;B;Ollama;TASK_COMPLETION;{'timestamp': '2025-05-26T20:35:27.010928', 'user_id': '032c8761-aad2-4b97-9680-0bf1f0f0265e', 'task_number': 2, 'difficulty': 3, 'mental_demand': 3, 'frustration': 3, 'accuracy': 3, 'task_accomplishment': 3, 'expectation_match': 3, 'clinical_usefulness': 3, 'medical_inaccuracies': '', 'task_duration': 15.040944, 'start_time': '2025-05-26T20:35:11.985855', 'end_time': '2025-05-26T20:35:27.026814', 'prompt_count': 1}
032c8761-aad2-4b97-9680-0bf1f0f0265e;B;2025-05-26T20:34:47.626514;Prefer not to say;Non-binary;Medical Student (Pre-clinical);;No;0.0;Yes;;3;3;3;3;;;1-3 times per month;;;3;;3.0;completed;92.43989;2025-05-26T20:37:28.485317;2025-05-26T20:35:56.045387;2025-05-26T20:37:28.485300;;;1.0;2025-05-26T20:35:56.045387;2025-05-26T20:37:28.485300;;3.0;3.0;3.0;3.0;3.0;3.0;3.0;;;;;;
032c8761-aad2-4b97-9680-0bf1f0f0265e;B;2025-05-26T20:34:47.626514;Prefer not to say;Non-binary;Medical Student (Pre-clinical);;No;0.0;Yes;;3;3;3;3;;;1-3 times per month;;;3;;3.0;;;2025-05-26T20:37:28.499765;;;;;1.0;;;;;;;;;;;llama3-med42-8b;92.454355;B;Ollama;TASK_COMPLETION;{'timestamp': '2025-05-26T20:37:28.485317', 'user_id': '032c8761-aad2-4b97-9680-0bf1f0f0265e', 'task_number': 3, 'difficulty': 3, 'mental_demand': 3, 'frustration': 3, 'accuracy': 3, 'task_accomplishment': 3, 'expectation_match': 3, 'clinical_usefulness': 3, 'medical_inaccuracies': '', 'task_duration': 92.454355, 'start_time': '2025-05-26T20:35:56.045387', 'end_time': '2025-05-26T20:37:28.499752', 'prompt_count': 1}
07414e69-9478-4a54-b3a2-e39cf4716cf9;A;2025-05-26T20:52:02.573963;Prefer not to say;Female;Medical Student (Pre-clinical);;No;0.0;Yes;;3;3;3;3;;;1-3 times per month;;;3;;1.0;started;;2025-05-26T20:52:09.748405;2025-05-26T20:52:09.748405;;;;;;;;;;;;;;;;;;;;
0b10e536-2102-4376-a42d-c14cb2c0d667;A;2025-05-26T14:01:09.916967;Prefer not to say;Female;Medical Student (Pre-clinical);;No;0.0;Yes;;3;3;3;3;;;1-3 times per month;;;3;;1.0;started;;2025-05-26T14:01:17.184825;2025-05-26T14:01:17.184825;;;;;;;;;;;;;;;;;;;;
0cc2e859-288d-47f0-967b-6c319c100072;B;2025-05-26T13:54:03.348235;Prefer not to say;Prefer not to say;Medical Student (Pre-clinical);;No;0.0;Yes;;3;3;3;3;;;1-3 times per month;;;3;;1.0;started;;2025-05-26T13:54:09.951367;2025-05-26T13:54:09.951367;;;;;;;;;;;;;;;;;;;;
0d442ab4-e8f8-4643-a14a-8882425f9437;B;2025-05-26T21:11:38.636729;Prefer not to say;Non-binary;Medical Student (Pre-clinical);;No;0.0;Yes;;3;3;3;3;;;1-3 times per month;;;3;;1.0;completed;14.452393;2025-05-26T21:11:59.941552;2025-05-26T21:11:45.489122;2025-05-26T21:11:59.941531;;;1.0;2025-05-26T21:11:45.489122;2025-05-26T21:11:59.941531;;3.0;3.0;3.0;3.0;3.0;3.0;3.0;;;;;;
0d442ab4-e8f8-4643-a14a-8882425f9437;B;2025-05-26T21:11:38.636729;Prefer not to say;Non-binary;Medical Student (Pre-clinical);;No;0.0;Yes;;3;3;3;3;;;1-3 times per month;;;3;;1.0;;;2025-05-26T21:11:59.960351;;;;;1.0;;;;;;;;;;;llama3-med42-8b;14.471201;B;Ollama;TASK_COMPLETION;{'timestamp': '2025-05-26T21:11:59.941552', 'user_id': '0d442ab4-e8f8-4643-a14a-8882425f9437', 'task_number': 1, 'difficulty': 3, 'mental_demand': 3, 'frustration': 3, 'accuracy': 3, 'task_accomplishment': 3, 'expectation_match': 3, 'clinical_usefulness': 3, 'medical_inaccuracies': '', 'task_duration': 14.471201, 'start_time': '2025-05-26T21:11:45.489122', 'end_time': '2025-05-26T21:11:59.960337', 'prompt_count': 1}
0d442ab4-e8f8-4643-a14a-8882425f9437;B;2025-05-26T21:11:38.636729;Prefer not to say;Non-binary;Medical Student (Pre-clinical);;No;0.0;Yes;;3;3;3;3;;;1-3 times per month;;;3;;2.0;completed;12.560836;2025-05-26T21:12:16.072416;2025-05-26T21:12:03.511536;2025-05-26T21:12:16.072394;;;1.0;2025-05-26T21:12:03.511536;2025-05-26T21:12:16.072394;;3.0;3.0;3.0;3.0;3.0;3.0;3.0;;;;;;
0d442ab4-e8f8-4643-a14a-8882425f9437;B;2025-05-26T21:11:38.636729;Prefer not to say;Non-binary;Medical Student (Pre-clinical);;No;0.0;Yes;;3;3;3;3;;;1-3 times per month;;;3;;2.0;;;2025-05-26T21:12:16.090196;;;;;1.0;;;;;;;;;;;llama3-med42-8b;12.578581;B;Ollama;TASK_COMPLETION;{'timestamp': '2025-05-26T21:12:16.072416', 'user_id': '0d442ab4-e8f8-4643-a14a-8882425f9437', 'task_number': 2, 'difficulty': 3, 'mental_demand': 3, 'frustration': 3, 'accuracy': 3, 'task_accomplishment': 3, 'expectation_match': 3, 'clinical_usefulness': 3, 'medical_inaccuracies': '', 'task_duration': 12.578581, 'start_time': '2025-05-26T21:12:03.511536', 'end_time': '2025-05-26T21:12:16.090139', 'prompt_count': 1}
0d442ab4-e8f8-4643-a14a-8882425f9437;B;2025-05-26T21:11:38.636729;Prefer not to say;Non-binary;Medical Student (Pre-clinical);;No;0.0;Yes;;3;3;3;3;;;1-3 times per month;;;3;;3.0;started;;2025-05-26T21:12:58.539479;2025-05-26T21:12:58.539479;;;;;;;;;;;;;;;;;;;;
0d442ab4-e8f8-4643-a14a-8882425f9437;B;2025-05-26T21:13:52.799783;Prefer not to say;Non-binary;Medical Student (Pre-clinical);;No;0.0;Yes;;3;3;3;3;;;1-3 times per month;;;3;;1.0;completed;14.452393;2025-05-26T21:11:59.941552;2025-05-26T21:11:45.489122;2025-05-26T21:11:59.941531;;;1.0;2025-05-26T21:11:45.489122;2025-05-26T21:11:59.941531;;3.0;3.0;3.0;3.0;3.0;3.0;3.0;;;;;;
0d442ab4-e8f8-4643-a14a-8882425f9437;B;2025-05-26T21:13:52.799783;Prefer not to say;Non-binary;Medical Student (Pre-clinical);;No;0.0;Yes;;3;3;3;3;;;1-3 times per month;;;3;;1.0;;;2025-05-26T21:11:59.960351;;;;;1.0;;;;;;;;;;;llama3-med42-8b;14.471201;B;Ollama;TASK_COMPLETION;{'timestamp': '2025-05-26T21:11:59.941552', 'user_id': '0d442ab4-e8f8-4643-a14a-8882425f9437', 'task_number': 1, 'difficulty': 3, 'mental_demand': 3, 'frustration': 3, 'accuracy': 3, 'task_accomplishment': 3, 'expectation_match': 3, 'clinical_usefulness': 3, 'medical_inaccuracies': '', 'task_duration': 14.471201, 'start_time': '2025-05-26T21:11:45.489122', 'end_time': '2025-05-26T21:11:59.960337', 'prompt_count': 1}
0d442ab4-e8f8-4643-a14a-8882425f9437;B;2025-05-26T21:13:52.799783;Prefer not to say;Non-binary;Medical Student (Pre-clinical);;No;0.0;Yes;;3;3;3;3;;;1-3 times per month;;;3;;2.0;completed;12.560836;2025-05-26T21:12:16.072416;2025-05-26T21:12:03.511536;2025-05-26T21:12:16.072394;;;1.0;2025-05-26T21:12:03.511536;2025-05-26T21:12:16.072394;;3.0;3.0;3.0;3.0;3.0;3.0;3.0;;;;;;
0d442ab4-e8f8-4643-a14a-8882425f9437;B;2025-05-26T21:13:52.799783;Prefer not to say;Non-binary;Medical Student (Pre-clinical);;No;0.0;Yes;;3;3;3;3;;;1-3 times per month;;;3;;2.0;;;2025-05-26T21:12:16.090196;;;;;1.0;;;;;;;;;;;llama3-med42-8b;12.578581;B;Ollama;TASK_COMPLETION;{'timestamp': '2025-05-26T21:12:16.072416', 'user_id': '0d442ab4-e8f8-4643-a14a-8882425f9437', 'task_number': 2, 'difficulty': 3, 'mental_demand': 3, 'frustration': 3, 'accuracy': 3, 'task_accomplishment': 3, 'expectation_match': 3, 'clinical_usefulness': 3, 'medical_inaccuracies': '', 'task_duration': 12.578581, 'start_time': '2025-05-26T21:12:03.511536', 'end_time': '2025-05-26T21:12:16.090139', 'prompt_count': 1}
0d442ab4-e8f8-4643-a14a-8882425f9437;B;2025-05-26T21:13:52.799783;Prefer not to say;Non-binary;Medical Student (Pre-clinical);;No;0.0;Yes;;3;3;3;3;;;1-3 times per month;;;3;;3.0;started;;2025-05-26T21:12:58.539479;2025-05-26T21:12:58.539479;;;;;;;;;;;;;;;;;;;;
12407b18-ebc2-4632-a691-c284a4107ab1;B;2025-05-26T13:13:46.517735;Prefer not to say;Non-binary;Medical Student (Pre-clinical);;No;0.0;Yes;;3;3;3;3;;;1-3 times per month;;;3;;1.0;started;;2025-05-26T13:13:55.079357;2025-05-26T13:13:55.079357;;;;;;;;;;;;;;;;;;;;
15a82e07-9e0e-44e8-ac84-d7bf92679e36;A;2025-05-26T13:52:42.066437;Prefer not to say;Non-binary;Medical Student (Pre-clinical);;No;0.0;Yes;;3;3;3;3;;;1-3 times per month;;;3;;1.0;completed;14.651044;2025-05-26T13:53:03.681084;2025-05-26T13:52:49.029996;2025-05-26T13:53:03.681060;;;1.0;2025-05-26T13:52:49.029996;2025-05-26T13:53:03.681060;;;3.0;;;;;;;;;;;
15a82e07-9e0e-44e8-ac84-d7bf92679e36;A;2025-05-26T13:52:42.066437;Prefer not to say;Non-binary;Medical Student (Pre-clinical);;No;0.0;Yes;;3;3;3;3;;;1-3 times per month;;;3;;1.0;;;2025-05-26T13:53:03.689046;;;;;1.0;;;;;;;;;;;llama3-med42-8b;14.65904;A;Ollama;TASK_COMPLETION;{'clinical_usefulness': 3, 'medical_inaccuracies': '', 'task_duration': 14.65904, 'start_time': '2025-05-26T13:52:49.029996', 'end_time': '2025-05-26T13:53:03.689040', 'prompt_count': 1, 'timestamp': '2025-05-26T13:53:03.681084'}
19db4d66-5d6b-4874-a17c-5230a1bdb8d0;A;2025-05-26T19:55:19.609970;Prefer not to say;Prefer not to say;Medical Student (Pre-clinical);;No;0.0;Yes;;3;3;3;3;;;1-3 times per month;;;3;;1.0;completed;30.91824;2025-05-26T19:55:57.200173;2025-05-26T19:55:26.281903;2025-05-26T19:55:57.200164;;;1.0;2025-05-26T19:55:26.281903;2025-05-26T19:55:57.200164;;3.0;3.0;3.0;3.0;3.0;3.0;3.0;;;;;;
19db4d66-5d6b-4874-a17c-5230a1bdb8d0;A;2025-05-26T19:55:19.609970;Prefer not to say;Prefer not to say;Medical Student (Pre-clinical);;No;0.0;Yes;;3;3;3;3;;;1-3 times per month;;;3;;1.0;;;2025-05-26T19:55:57.207903;;;;;1.0;;;;;;;;;;;llama3-med42-8b;30.925985;A;Ollama;TASK_COMPLETION;{'timestamp': '2025-05-26T19:55:57.200173', 'user_id': '19db4d66-5d6b-4874-a17c-5230a1bdb8d0', 'task_number': 1, 'difficulty': 3, 'mental_demand': 3, 'frustration': 3, 'accuracy': 3, 'task_accomplishment': 3, 'expectation_match': 3, 'clinical_usefulness': 3, 'medical_inaccuracies': '', 'task_duration': 30.925985, 'start_time': '2025-05-26T19:55:26.281903', 'end_time': '2025-05-26T19:55:57.207895', 'prompt_count': 1}
19db4d66-5d6b-4874-a17c-5230a1bdb8d0;A;2025-05-26T19:55:19.609970;Prefer not to say;Prefer not to say;Medical Student (Pre-clinical);;No;0.0;Yes;;3;3;3;3;;;1-3 times per month;;;3;;2.0;started;;2025-05-26T19:55:59.889165;2025-05-26T19:55:59.889165;;;;;;;;;;;;;;;;;;;;
1d3dad5f-0d6c-4e4a-bcbf-11685d2df2ac;A;2025-05-28T17:59:07.891933;Prefer not to say;Non-binary;Medical Student (Pre-clinical);;No;0.0;Yes;;3;3;3;3;;;1-3 times per month;;;3;;1.0;started;;2025-05-28T17:59:13.164474;2025-05-28T17:59:13.164474;;;;;;;;;;;;;;;;;;;;
1de92c7e-be4d-43ea-9efd-20d9f87b6f5d;A;2025-05-26T20:34:03.131707;Prefer not to say;Non-binary;Medical Student (Pre-clinical);;No;0.0;Yes;;3;3;3;3;;;1-3 times per month;;;3;;1.0;completed;12.540807;2025-05-26T20:34:21.834128;2025-05-26T20:34:09.293285;2025-05-26T20:34:21.834108;;;1.0;2025-05-26T20:34:09.293285;2025-05-26T20:34:21.834108;;3.0;3.0;3.0;3.0;3.0;3.0;3.0;;;;;;
1de92c7e-be4d-43ea-9efd-20d9f87b6f5d;A;2025-05-26T20:34:03.131707;Prefer not to say;Non-binary;Medical Student (Pre-clinical);;No;0.0;Yes;;3;3;3;3;;;1-3 times per month;;;3;;1.0;;;2025-05-26T20:34:21.850337;;;;;1.0;;;;;;;;;;;llama3-med42-8b;12.557032;A;Ollama;TASK_COMPLETION;{'timestamp': '2025-05-26T20:34:21.834128', 'user_id': '1de92c7e-be4d-43ea-9efd-20d9f87b6f5d', 'task_number': 1, 'difficulty': 3, 'mental_demand': 3, 'frustration': 3, 'accuracy': 3, 'task_accomplishment': 3, 'expectation_match': 3, 'clinical_usefulness': 3, 'medical_inaccuracies': '', 'task_duration': 12.557032, 'start_time': '2025-05-26T20:34:09.293285', 'end_time': '2025-05-26T20:34:21.850326', 'prompt_count': 1}
1de92c7e-be4d-43ea-9efd-20d9f87b6f5d;A;2025-05-26T20:34:03.131707;Prefer not to say;Non-binary;Medical Student (Pre-clinical);;No;0.0;Yes;;3;3;3;3;;;1-3 times per month;;;3;;2.0;started;;2025-05-26T20:34:25.465421;2025-05-26T20:34:25.465421;;;;;;;;;;;;;;;;;;;;
1dfd8d92-6a75-4175-a045-6915230186a1;A;2025-05-26T13:11:26.762685;Prefer not to say;Non-binary;Medical Student (Pre-clinical);;No;0.0;Yes;;3;3;3;3;;;1-3 times per month;;;3;;1.0;completed;73.90439;2025-05-26T13:12:46.886480;2025-05-26T13:11:32.982048;2025-05-26T13:12:46.886459;;;1.0;2025-05-26T13:11:32.982048;2025-05-26T13:12:46.886459;;;3.0;;;;;;;;;;;
1dfd8d92-6a75-4175-a045-6915230186a1;A;2025-05-26T13:11:26.762685;Prefer not to say;Non-binary;Medical Student (Pre-clinical);;No;0.0;Yes;;3;3;3;3;;;1-3 times per month;;;3;;1.0;;;2025-05-26T13:12:46.901220;;;;;1.0;;;;;;;;;;;llama3-med42-8b;73.919149;A;Ollama;TASK_COMPLETION;{'clinical_usefulness': 3, 'medical_inaccuracies': '', 'task_duration': 73.919149, 'start_time': '2025-05-26T13:11:32.982048', 'end_time': '2025-05-26T13:12:46.901205', 'prompt_count': 1, 'timestamp': '2025-05-26T13:12:46.886480'}
1dfd8d92-6a75-4175-a045-6915230186a1;A;2025-05-26T13:11:26.762685;Prefer not to say;Non-binary;Medical Student (Pre-clinical);;No;0.0;Yes;;3;3;3;3;;;1-3 times per month;;;3;;2.0;started;;2025-05-26T13:12:52.236660;2025-05-26T13:12:52.236660;;;;;;;;;;;;;;;;;;;;
1ebf9ddb-f074-47c4-a6e4-aa18c11aaf33;B;2025-05-22T13:02:10.148488;Prefer not to say;Prefer not to say;Medical Student (Pre-clinical);;No;;Yes;;3;3;3;3;;;1-3 times per month;;;3;;;;;;;;;;;;;;;;;;;;;;;;;;
20a56b58-73c2-4daf-be7c-0bef4d539473;A;2025-05-27T09:06:17.850611;Prefer not to say;Non-binary;Medical Student (Pre-clinical);;No;0.0;Yes;;3;3;3;3;;;1-3 times per month;;;3;;1.0;started;;2025-05-27T09:06:23.629885;2025-05-27T09:06:23.629885;;;;;;;;;;;;;;;;;;;;
264dd611-d146-4adf-bb10-9d1566b5b053;B;2025-05-25T12:15:46.613570;26;Female;Other;;No;;No;;1;5;5;1;;;Daily or more frequently;;;4;;;;;;;;;;;;;;;;;;;;;;;;;;
2ce014e3-a253-409e-b747-c316e47488ef;A;2025-05-29T13:26:45.778719;Prefer not to say;Prefer not to say;Medical Student (Pre-clinical);;No;0.0;Yes;;3;3;3;3;;;1-3 times per month;;;3;;1.0;started;;2025-05-29T13:26:51.309008;2025-05-29T13:26:51.309008;;;;;;;;;;;;;;;;;;;;
315e8430-764e-49ba-bf06-7bb4d82ee550;B;2025-05-26T16:46:44.602896;Prefer not to say;Female;Other;;No;0.0;Yes;;3;3;3;3;;;1-3 times per month;;;3;;1.0;completed;43.874823;2025-05-26T16:53:27.442082;2025-05-26T16:52:43.567220;2025-05-26T16:53:27.442062;;;1.0;2025-05-26T16:52:43.567220;2025-05-26T16:53:27.442062;;3.0;3.0;3.0;3.0;3.0;3.0;3.0;;;;;;
315e8430-764e-49ba-bf06-7bb4d82ee550;B;2025-05-26T16:46:44.602896;Prefer not to say;Female;Other;;No;0.0;Yes;;3;3;3;3;;;1-3 times per month;;;3;;1.0;;;2025-05-26T16:53:27.459436;;;;;1.0;;;;;;;;;;;llama3-med42-8b;43.892192;B;Ollama;TASK_COMPLETION;{'timestamp': '2025-05-26T16:53:27.442082', 'user_id': '315e8430-764e-49ba-bf06-7bb4d82ee550', 'task_number': 1, 'difficulty': 3, 'mental_demand': 3, 'frustration': 3, 'accuracy': 3, 'task_accomplishment': 3, 'expectation_match': 3, 'clinical_usefulness': 3, 'medical_inaccuracies': '', 'task_duration': 43.892192, 'start_time': '2025-05-26T16:52:43.567220', 'end_time': '2025-05-26T16:53:27.459423', 'prompt_count': 1}
315e8430-764e-49ba-bf06-7bb4d82ee550;B;2025-05-26T16:46:44.602896;Prefer not to say;Female;Other;;No;0.0;Yes;;3;3;3;3;;;1-3 times per month;;;3;;2.0;completed;42.051506;2025-05-26T16:54:13.343826;2025-05-26T16:53:31.292295;2025-05-26T16:54:13.343815;;;1.0;2025-05-26T16:53:31.292295;2025-05-26T16:54:13.343815;;3.0;3.0;3.0;3.0;3.0;3.0;3.0;;;;;;
315e8430-764e-49ba-bf06-7bb4d82ee550;B;2025-05-26T16:46:44.602896;Prefer not to say;Female;Other;;No;0.0;Yes;;3;3;3;3;;;1-3 times per month;;;3;;2.0;;;2025-05-26T16:54:13.350927;;;;;1.0;;;;;;;;;;;llama3-med42-8b;42.058614;B;Ollama;TASK_COMPLETION;{'timestamp': '2025-05-26T16:54:13.343826', 'user_id': '315e8430-764e-49ba-bf06-7bb4d82ee550', 'task_number': 2, 'difficulty': 3, 'mental_demand': 3, 'frustration': 3, 'accuracy': 3, 'task_accomplishment': 3, 'expectation_match': 3, 'clinical_usefulness': 3, 'medical_inaccuracies': '', 'task_duration': 42.058614, 'start_time': '2025-05-26T16:53:31.292295', 'end_time': '2025-05-26T16:54:13.350917', 'prompt_count': 1}
315e8430-764e-49ba-bf06-7bb4d82ee550;B;2025-05-26T16:46:44.602896;Prefer not to say;Female;Other;;No;0.0;Yes;;3;3;3;3;;;1-3 times per month;;;3;;3.0;started;;2025-05-26T16:54:17.153831;2025-05-26T16:54:17.153831;;;;;;;;;;;;;;;;;;;;
3322a734-c679-44f7-821e-92fbfcaf2d97;A;2025-05-29T13:00:24.020605;Prefer not to say;Prefer not to say;Medical Student (Pre-clinical);;No;0.0;Yes;;3;3;3;3;;;1-3 times per month;;;3;;1.0;completed;10.863074;2025-05-29T13:00:39.759769;2025-05-29T13:00:28.896652;2025-05-29T13:00:39.759748;;;1.0;2025-05-29T13:00:28.896652;2025-05-29T13:00:39.759748;;3.0;3.0;3.0;3.0;3.0;3.0;3.0;;;;;;
3322a734-c679-44f7-821e-92fbfcaf2d97;A;2025-05-29T13:00:24.020605;Prefer not to say;Prefer not to say;Medical Student (Pre-clinical);;No;0.0;Yes;;3;3;3;3;;;1-3 times per month;;;3;;1.0;;;2025-05-29T11:00:39.777672+00:00;;;;;1.0;;;;;;;;;;;meta-llama/Llama-3.3-70B-Instruct-Turbo-Free;10.880988;A;Together;TASK_COMPLETION;{'timestamp': '2025-05-29T13:00:39.759769', 'user_id': '3322a734-c679-44f7-821e-92fbfcaf2d97', 'task_number': 1, 'difficulty': 3, 'mental_demand': 3, 'frustration': 3, 'accuracy': 3, 'task_accomplishment': 3, 'expectation_match': 3, 'clinical_usefulness': 3, 'medical_inaccuracies': '', 'task_duration': 10.880988, 'start_time': '2025-05-29T13:00:28.896652', 'end_time': '2025-05-29T13:00:39.777655', 'prompt_count': 1}
372313c0-4622-40e4-a58e-be4f741b3fc6;A;2025-05-20T22:13:25.202232;Prefer not to say;Female;Medical Student (Pre-clinical);;No;;Yes;;3;3;3;3;;;1-3 times per month;;;3;;;;;;;;;;;;;;;;;;;;;;;;;;
3886b27e-54ce-48fa-854e-f775a10a929e;B;2025-05-26T20:19:01.891882;Prefer not to say;Female;Medical Student (Pre-clinical);;No;0.0;Yes;;3;3;3;3;;;1-3 times per month;;;3;;1.0;completed;16.526184;2025-05-26T20:19:25.801329;2025-05-26T20:19:09.275101;2025-05-26T20:19:25.801307;;;1.0;2025-05-26T20:19:09.275101;2025-05-26T20:19:25.801307;;3.0;3.0;3.0;3.0;3.0;3.0;3.0;;;;;;
3886b27e-54ce-48fa-854e-f775a10a929e;B;2025-05-26T20:19:01.891882;Prefer not to say;Female;Medical Student (Pre-clinical);;No;0.0;Yes;;3;3;3;3;;;1-3 times per month;;;3;;1.0;;;2025-05-26T20:19:25.818768;;;;;1.0;;;;;;;;;;;llama3-med42-8b;16.543636;B;Ollama;TASK_COMPLETION;{'timestamp': '2025-05-26T20:19:25.801329', 'user_id': '3886b27e-54ce-48fa-854e-f775a10a929e', 'task_number': 1, 'difficulty': 3, 'mental_demand': 3, 'frustration': 3, 'accuracy': 3, 'task_accomplishment': 3, 'expectation_match': 3, 'clinical_usefulness': 3, 'medical_inaccuracies': '', 'task_duration': 16.543636, 'start_time': '2025-05-26T20:19:09.275101', 'end_time': '2025-05-26T20:19:25.818754', 'prompt_count': 1}
3886b27e-54ce-48fa-854e-f775a10a929e;B;2025-05-26T20:19:01.891882;Prefer not to say;Female;Medical Student (Pre-clinical);;No;0.0;Yes;;3;3;3;3;;;1-3 times per month;;;3;;2.0;completed;14.550343;2025-05-26T20:19:43.960637;2025-05-26T20:19:29.410254;2025-05-26T20:19:43.960617;;;1.0;2025-05-26T20:19:29.410254;2025-05-26T20:19:43.960617;;3.0;3.0;3.0;3.0;3.0;3.0;3.0;;;;;;
3886b27e-54ce-48fa-854e-f775a10a929e;B;2025-05-26T20:19:01.891882;Prefer not to say;Female;Medical Student (Pre-clinical);;No;0.0;Yes;;3;3;3;3;;;1-3 times per month;;;3;;2.0;;;2025-05-26T20:19:43.977401;;;;;1.0;;;;;;;;;;;llama3-med42-8b;14.567126;B;Ollama;TASK_COMPLETION;{'timestamp': '2025-05-26T20:19:43.960637', 'user_id': '3886b27e-54ce-48fa-854e-f775a10a929e', 'task_number': 2, 'difficulty': 3, 'mental_demand': 3, 'frustration': 3, 'accuracy': 3, 'task_accomplishment': 3, 'expectation_match': 3, 'clinical_usefulness': 3, 'medical_inaccuracies': '', 'task_duration': 14.567126, 'start_time': '2025-05-26T20:19:29.410254', 'end_time': '2025-05-26T20:19:43.977389', 'prompt_count': 1}
3886b27e-54ce-48fa-854e-f775a10a929e;B;2025-05-26T20:19:01.891882;Prefer not to say;Female;Medical Student (Pre-clinical);;No;0.0;Yes;;3;3;3;3;;;1-3 times per month;;;3;;3.0;completed;261.90858;2025-05-26T20:32:48.160617;2025-05-26T20:28:26.251996;2025-05-26T20:32:48.160598;;;1.0;2025-05-26T20:28:26.251996;2025-05-26T20:32:48.160598;;3.0;3.0;3.0;3.0;3.0;3.0;3.0;;;;;;
3886b27e-54ce-48fa-854e-f775a10a929e;B;2025-05-26T20:19:01.891882;Prefer not to say;Female;Medical Student (Pre-clinical);;No;0.0;Yes;;3;3;3;3;;;1-3 times per month;;;3;;3.0;;;2025-05-26T20:32:48.181321;;;;;1.0;;;;;;;;;;;llama3-med42-8b;261.929299;B;Ollama;TASK_COMPLETION;{'timestamp': '2025-05-26T20:32:48.160617', 'user_id': '3886b27e-54ce-48fa-854e-f775a10a929e', 'task_number': 3, 'difficulty': 3, 'mental_demand': 3, 'frustration': 3, 'accuracy': 3, 'task_accomplishment': 3, 'expectation_match': 3, 'clinical_usefulness': 3, 'medical_inaccuracies': '', 'task_duration': 261.929299, 'start_time': '2025-05-26T20:28:26.251996', 'end_time': '2025-05-26T20:32:48.181306', 'prompt_count': 1}
389b78f4-48f2-46fd-b877-6eb721da66d5;B;2025-05-26T14:02:05.076776;Prefer not to say;Non-binary;Medical Student (Pre-clinical);;No;0.0;Yes;;3;3;3;3;;;1-3 times per month;;;3;;1.0;completed;310.618368;2025-05-26T14:07:21.830382;2025-05-26T14:02:11.211977;2025-05-26T14:07:21.830363;;;1.0;2025-05-26T14:02:11.211977;2025-05-26T14:07:21.830363;;;3.0;;;;;;;;;;;
389b78f4-48f2-46fd-b877-6eb721da66d5;B;2025-05-26T14:02:05.076776;Prefer not to say;Non-binary;Medical Student (Pre-clinical);;No;0.0;Yes;;3;3;3;3;;;1-3 times per month;;;3;;1.0;;;2025-05-26T14:07:21.848375;;;;;1.0;;;;;;;;;;;llama3-med42-8b;310.636378;B;Ollama;TASK_COMPLETION;{'clinical_usefulness': 3, 'medical_inaccuracies': '', 'task_duration': 310.636378, 'start_time': '2025-05-26T14:02:11.211977', 'end_time': '2025-05-26T14:07:21.848364', 'prompt_count': 1, 'timestamp': '2025-05-26T14:07:21.830382'}
389b78f4-48f2-46fd-b877-6eb721da66d5;B;2025-05-26T14:02:05.076776;Prefer not to say;Non-binary;Medical Student (Pre-clinical);;No;0.0;Yes;;3;3;3;3;;;1-3 times per month;;;3;;2.0;started;;2025-05-26T14:07:27.646568;2025-05-26T14:07:27.646568;;;;;;;;;;;;;;;;;;;;
3a51f6b0-cd97-482d-8908-16b63fed96c7;A;2025-05-26T08:59:37.083920;18;Female;Other;;Yes;2.0;Yes;;1;5;2;3;;;Daily or more frequently;;;2;;1.0;completed;0.0;2025-05-26T09:01:37.607014;2025-05-26T08:59:37.616955;2025-05-26T09:01:37.616955;5.0;yes please;4.0;2025-05-26T08:59:37.616955;2025-05-26T09:01:37.616955;yes please;5.0;5.0;5.0;5.0;5.0;5.0;5.0;;;;;;
3e1951fb-3411-4d20-b999-fe9ecb0c2e7e;A;2025-05-26T10:37:35.422005;Prefer not to say;Non-binary;Specialist;;Yes;1.0;Yes;;3;4;1;4;;;1-3 times per month;;;3;;1.0;completed;71.673937;2025-05-26T10:38:54.235112;2025-05-26T10:37:42.561160;2025-05-26T10:38:54.235106;;;2.0;2025-05-26T10:37:42.561160;2025-05-26T10:38:54.235106;hello;;1.0;;;;;;;;;;;
3e1951fb-3411-4d20-b999-fe9ecb0c2e7e;A;2025-05-26T10:37:35.422005;Prefer not to say;Non-binary;Specialist;;Yes;1.0;Yes;;3;4;1;4;;;1-3 times per month;;;3;;1.0;completed;71.682732;2025-05-26T10:38:54.235112;2025-05-26T10:37:42.561160;2025-05-26T10:38:54.243903;1.0;hello;2.0;2025-05-26T10:37:42.561160;2025-05-26T10:38:54.243903;;;;;;;;;;;;;;
3e1951fb-3411-4d20-b999-fe9ecb0c2e7e;A;2025-05-26T10:37:35.422005;Prefer not to say;Non-binary;Specialist;;Yes;1.0;Yes;;3;4;1;4;;;1-3 times per month;;;3;;2.0;completed;48.995657;2025-05-26T10:39:48.045447;2025-05-26T10:38:59.049776;2025-05-26T10:39:48.045442;;;2.0;2025-05-26T10:38:59.049776;2025-05-26T10:39:48.045442;second time;;1.0;;;;;;;;;;;
3e1951fb-3411-4d20-b999-fe9ecb0c2e7e;A;2025-05-26T10:37:35.422005;Prefer not to say;Non-binary;Specialist;;Yes;1.0;Yes;;3;4;1;4;;;1-3 times per month;;;3;;2.0;completed;49.001856;2025-05-26T10:39:48.045447;2025-05-26T10:38:59.049776;2025-05-26T10:39:48.051638;1.0;second time;2.0;2025-05-26T10:38:59.049776;2025-05-26T10:39:48.051638;;;;;;;;;;;;;;
3e1951fb-3411-4d20-b999-fe9ecb0c2e7e;A;2025-05-26T10:37:35.422005;Prefer not to say;Non-binary;Specialist;;Yes;1.0;Yes;;3;4;1;4;;;1-3 times per month;;;3;;3.0;completed;47.384065;2025-05-26T10:40:38.758289;2025-05-26T10:39:51.374209;2025-05-26T10:40:38.758283;;;2.0;2025-05-26T10:39:51.374209;2025-05-26T10:40:38.758283;helloooo;;4.0;;;;;;;;;;;
3e1951fb-3411-4d20-b999-fe9ecb0c2e7e;A;2025-05-26T10:37:35.422005;Prefer not to say;Non-binary;Specialist;;Yes;1.0;Yes;;3;4;1;4;;;1-3 times per month;;;3;;3.0;completed;47.390324;2025-05-26T10:40:38.758289;2025-05-26T10:39:51.374209;2025-05-26T10:40:38.764539;4.0;helloooo;2.0;2025-05-26T10:39:51.374209;2025-05-26T10:40:38.764539;;;;;;;;;;;;;;
3e653ecf-a8c5-434c-b25c-0364335b2240;A;2025-05-26T16:35:04.255763;Prefer not to say;Female;Medical Student (Pre-clinical);;Yes;1.0;Yes;;3;3;3;3;;;1-3 times per month;;;2;;1.0;completed;27.338402;2025-05-26T16:35:37.731937;2025-05-26T16:35:10.393513;2025-05-26T16:35:37.731928;;;1.0;2025-05-26T16:35:10.393513;2025-05-26T16:35:37.731928;xyz;3.0;3.0;3.0;3.0;3.0;3.0;3.0;;;;;;
3e653ecf-a8c5-434c-b25c-0364335b2240;A;2025-05-26T16:35:04.255763;Prefer not to say;Female;Medical Student (Pre-clinical);;Yes;1.0;Yes;;3;3;3;3;;;1-3 times per month;;;2;;1.0;;;2025-05-26T16:35:37.739942;;;;;1.0;;;;;;;;;;;llama3-med42-8b;27.346414;A;Ollama;TASK_COMPLETION;{'timestamp': '2025-05-26T16:35:37.731937', 'user_id': '3e653ecf-a8c5-434c-b25c-0364335b2240', 'task_number': 1, 'difficulty': 3, 'mental_demand': 3, 'frustration': 3, 'accuracy': 3, 'task_accomplishment': 3, 'expectation_match': 3, 'clinical_usefulness': 3, 'medical_inaccuracies': 'xyz', 'task_duration': 27.346414, 'start_time': '2025-05-26T16:35:10.393513', 'end_time': '2025-05-26T16:35:37.739934', 'prompt_count': 1}
3e653ecf-a8c5-434c-b25c-0364335b2240;A;2025-05-26T16:35:04.255763;Prefer not to say;Female;Medical Student (Pre-clinical);;Yes;1.0;Yes;;3;3;3;3;;;1-3 times per month;;;2;;2.0;completed;21.540303;2025-05-26T16:36:02.697420;2025-05-26T16:35:41.157099;2025-05-26T16:36:02.697410;;;1.0;2025-05-26T16:35:41.157099;2025-05-26T16:36:02.697410;xyz;3.0;3.0;3.0;3.0;3.0;3.0;3.0;;;;;;
3e653ecf-a8c5-434c-b25c-0364335b2240;A;2025-05-26T16:35:04.255763;Prefer not to say;Female;Medical Student (Pre-clinical);;Yes;1.0;Yes;;3;3;3;3;;;1-3 times per month;;;2;;2.0;;;2025-05-26T16:36:02.704402;;;;;1.0;;;;;;;;;;;llama3-med42-8b;21.547289;A;Ollama;TASK_COMPLETION;{'timestamp': '2025-05-26T16:36:02.697420', 'user_id': '3e653ecf-a8c5-434c-b25c-0364335b2240', 'task_number': 2, 'difficulty': 3, 'mental_demand': 3, 'frustration': 3, 'accuracy': 3, 'task_accomplishment': 3, 'expectation_match': 3, 'clinical_usefulness': 3, 'medical_inaccuracies': 'xyz', 'task_duration': 21.547289, 'start_time': '2025-05-26T16:35:41.157099', 'end_time': '2025-05-26T16:36:02.704395', 'prompt_count': 1}
3e653ecf-a8c5-434c-b25c-0364335b2240;A;2025-05-26T16:35:04.255763;Prefer not to say;Female;Medical Student (Pre-clinical);;Yes;1.0;Yes;;3;3;3;3;;;1-3 times per month;;;2;;3.0;completed;14.186803;2025-05-26T16:36:19.761864;2025-05-26T16:36:05.575045;2025-05-26T16:36:19.761856;;;1.0;2025-05-26T16:36:05.575045;2025-05-26T16:36:19.761856;xyz;3.0;3.0;3.0;3.0;3.0;3.0;3.0;;;;;;
3e653ecf-a8c5-434c-b25c-0364335b2240;A;2025-05-26T16:35:04.255763;Prefer not to say;Female;Medical Student (Pre-clinical);;Yes;1.0;Yes;;3;3;3;3;;;1-3 times per month;;;2;;3.0;;;2025-05-26T16:36:19.768319;;;;;1.0;;;;;;;;;;;llama3-med42-8b;14.193255;A;Ollama;TASK_COMPLETION;{'timestamp': '2025-05-26T16:36:19.761864', 'user_id': '3e653ecf-a8c5-434c-b25c-0364335b2240', 'task_number': 3, 'difficulty': 3, 'mental_demand': 3, 'frustration': 3, 'accuracy': 3, 'task_accomplishment': 3, 'expectation_match': 3, 'clinical_usefulness': 3, 'medical_inaccuracies': 'xyz', 'task_duration': 14.193255, 'start_time': '2025-05-26T16:36:05.575045', 'end_time': '2025-05-26T16:36:19.768307', 'prompt_count': 1}
41cff7b3-b2ac-4586-9d3d-898f9c37e26b;A;2025-05-26T19:56:50.931908;Prefer not to say;Prefer not to say;Medical Student (Pre-clinical);;No;0.0;Yes;;3;3;3;3;;;1-3 times per month;;;3;;1.0;completed;11.773145;2025-05-26T19:57:09.208701;2025-05-26T19:56:57.435514;2025-05-26T19:57:09.208677;;;1.0;2025-05-26T19:56:57.435514;2025-05-26T19:57:09.208677;;3.0;3.0;3.0;3.0;3.0;3.0;3.0;;;;;;
41cff7b3-b2ac-4586-9d3d-898f9c37e26b;A;2025-05-26T19:56:50.931908;Prefer not to say;Prefer not to say;Medical Student (Pre-clinical);;No;0.0;Yes;;3;3;3;3;;;1-3 times per month;;;3;;1.0;;;2025-05-26T19:57:09.226484;;;;;1.0;;;;;;;;;;;llama3-med42-8b;11.790939;A;Ollama;TASK_COMPLETION;{'timestamp': '2025-05-26T19:57:09.208701', 'user_id': '41cff7b3-b2ac-4586-9d3d-898f9c37e26b', 'task_number': 1, 'difficulty': 3, 'mental_demand': 3, 'frustration': 3, 'accuracy': 3, 'task_accomplishment': 3, 'expectation_match': 3, 'clinical_usefulness': 3, 'medical_inaccuracies': '', 'task_duration': 11.790939, 'start_time': '2025-05-26T19:56:57.435514', 'end_time': '2025-05-26T19:57:09.226465', 'prompt_count': 1}
41cff7b3-b2ac-4586-9d3d-898f9c37e26b;A;2025-05-26T19:56:50.931908;Prefer not to say;Prefer not to say;Medical Student (Pre-clinical);;No;0.0;Yes;;3;3;3;3;;;1-3 times per month;;;3;;2.0;completed;8.834733;2025-05-26T19:57:21.008365;2025-05-26T19:57:12.173591;2025-05-26T19:57:21.008343;;;1.0;2025-05-26T19:57:12.173591;2025-05-26T19:57:21.008343;;3.0;3.0;3.0;3.0;3.0;3.0;3.0;;;;;;
41cff7b3-b2ac-4586-9d3d-898f9c37e26b;A;2025-05-26T19:56:50.931908;Prefer not to say;Prefer not to say;Medical Student (Pre-clinical);;No;0.0;Yes;;3;3;3;3;;;1-3 times per month;;;3;;2.0;;;2025-05-26T19:57:21.024899;;;;;1.0;;;;;;;;;;;llama3-med42-8b;8.851279;A;Ollama;TASK_COMPLETION;{'timestamp': '2025-05-26T19:57:21.008365', 'user_id': '41cff7b3-b2ac-4586-9d3d-898f9c37e26b', 'task_number': 2, 'difficulty': 3, 'mental_demand': 3, 'frustration': 3, 'accuracy': 3, 'task_accomplishment': 3, 'expectation_match': 3, 'clinical_usefulness': 3, 'medical_inaccuracies': '', 'task_duration': 8.851279, 'start_time': '2025-05-26T19:57:12.173591', 'end_time': '2025-05-26T19:57:21.024883', 'prompt_count': 1}
41cff7b3-b2ac-4586-9d3d-898f9c37e26b;A;2025-05-26T19:56:50.931908;Prefer not to say;Prefer not to say;Medical Student (Pre-clinical);;No;0.0;Yes;;3;3;3;3;;;1-3 times per month;;;3;;3.0;completed;56.180356;2025-05-26T19:58:20.783208;2025-05-26T19:57:24.602815;2025-05-26T19:58:20.783188;;;1.0;2025-05-26T19:57:24.602815;2025-05-26T19:58:20.783188;;3.0;3.0;3.0;3.0;3.0;3.0;3.0;;;;;;
41cff7b3-b2ac-4586-9d3d-898f9c37e26b;A;2025-05-26T19:56:50.931908;Prefer not to say;Prefer not to say;Medical Student (Pre-clinical);;No;0.0;Yes;;3;3;3;3;;;1-3 times per month;;;3;;3.0;;;2025-05-26T19:58:20.799684;;;;;1.0;;;;;;;;;;;llama3-med42-8b;56.19682;A;Ollama;TASK_COMPLETION;{'timestamp': '2025-05-26T19:58:20.783208', 'user_id': '41cff7b3-b2ac-4586-9d3d-898f9c37e26b', 'task_number': 3, 'difficulty': 3, 'mental_demand': 3, 'frustration': 3, 'accuracy': 3, 'task_accomplishment': 3, 'expectation_match': 3, 'clinical_usefulness': 3, 'medical_inaccuracies': '', 'task_duration': 56.19682, 'start_time': '2025-05-26T19:57:24.602815', 'end_time': '2025-05-26T19:58:20.799661', 'prompt_count': 1}
4bb6b10b-e250-4dfd-8afb-83bee4aad5a5;B;2025-05-26T12:40:48.497421;Prefer not to say;Female;Specialist;;Yes;2.0;Yes;;3;2;4;2;;;1-6 times per week;;;4;;1.0;started;;2025-05-26T12:40:55.217892;2025-05-26T12:40:55.217892;;;;;;;;;;;;;;;;;;;;
518e6810-cda5-4cad-bd4c-6831d14577df;A;2025-05-26T14:36:05.115997;Prefer not to say;Non-binary;Medical Student (Pre-clinical);;No;0.0;Yes;;3;3;3;2;;;1-3 times per month;;;4;;1.0;completed;51.460797;2025-05-26T14:37:03.833243;2025-05-26T14:36:12.372428;2025-05-26T14:37:03.833233;;;2.0;2025-05-26T14:36:12.372428;2025-05-26T14:37:03.833233;sadfsa;;1.0;;;;;;;;;;;
518e6810-cda5-4cad-bd4c-6831d14577df;A;2025-05-26T14:36:05.115997;Prefer not to say;Non-binary;Medical Student (Pre-clinical);;No;0.0;Yes;;3;3;3;2;;;1-3 times per month;;;4;;1.0;;;2025-05-26T14:37:03.841796;;;;;2.0;;;;;;;;;;;llama3-med42-8b;51.469353;A;Ollama;TASK_COMPLETION;{'clinical_usefulness': 1, 'medical_inaccuracies': 'sadfsa', 'task_duration': 51.469353, 'start_time': '2025-05-26T14:36:12.372428', 'end_time': '2025-05-26T14:37:03.841788', 'prompt_count': 2, 'timestamp': '2025-05-26T14:37:03.833243'}
518e6810-cda5-4cad-bd4c-6831d14577df;A;2025-05-26T14:36:05.115997;Prefer not to say;Non-binary;Medical Student (Pre-clinical);;No;0.0;Yes;;3;3;3;2;;;1-3 times per month;;;4;;2.0;completed;12.909496;2025-05-26T14:37:20.127961;2025-05-26T14:37:07.218447;2025-05-26T14:37:20.127952;;;1.0;2025-05-26T14:37:07.218447;2025-05-26T14:37:20.127952;sadfsaf;;3.0;;;;;;;;;;;
518e6810-cda5-4cad-bd4c-6831d14577df;A;2025-05-26T14:36:05.115997;Prefer not to say;Non-binary;Medical Student (Pre-clinical);;No;0.0;Yes;;3;3;3;2;;;1-3 times per month;;;4;;2.0;;;2025-05-26T14:37:20.134537;;;;;1.0;;;;;;;;;;;llama3-med42-8b;12.916076;A;Ollama;TASK_COMPLETION;{'clinical_usefulness': 3, 'medical_inaccuracies': 'sadfsaf', 'task_duration': 12.916076, 'start_time': '2025-05-26T14:37:07.218447', 'end_time': '2025-05-26T14:37:20.134529', 'prompt_count': 1, 'timestamp': '2025-05-26T14:37:20.127961'}
518e6810-cda5-4cad-bd4c-6831d14577df;A;2025-05-26T14:36:05.115997;Prefer not to say;Non-binary;Medical Student (Pre-clinical);;No;0.0;Yes;;3;3;3;2;;;1-3 times per month;;;4;;3.0;completed;17.82241;2025-05-26T14:37:41.543647;2025-05-26T14:37:23.721220;2025-05-26T14:37:41.543638;;;1.0;2025-05-26T14:37:23.721220;2025-05-26T14:37:41.543638;fasdfsa;;3.0;;;;;;;;;;;
518e6810-cda5-4cad-bd4c-6831d14577df;A;2025-05-26T14:36:05.115997;Prefer not to say;Non-binary;Medical Student (Pre-clinical);;No;0.0;Yes;;3;3;3;2;;;1-3 times per month;;;4;;3.0;;;2025-05-26T14:37:41.550227;;;;;1.0;;;;;;;;;;;llama3-med42-8b;17.828993;A;Ollama;TASK_COMPLETION;{'clinical_usefulness': 3, 'medical_inaccuracies': 'fasdfsa', 'task_duration': 17.828993, 'start_time': '2025-05-26T14:37:23.721220', 'end_time': '2025-05-26T14:37:41.550220', 'prompt_count': 1, 'timestamp': '2025-05-26T14:37:41.543647'}
5195c8a9-ce82-4373-8ed7-c422390f79b5;B;2025-05-26T19:49:25.946997;Prefer not to say;Female;Other;;No;0.0;Yes;;3;3;3;3;;;Never used;;;4;;1.0;completed;25.833766;2025-05-26T19:50:07.016478;2025-05-26T19:49:41.182674;2025-05-26T19:50:07.016458;;;1.0;2025-05-26T19:49:41.182674;2025-05-26T19:50:07.016458;;3.0;3.0;3.0;3.0;3.0;3.0;3.0;;;;;;
5195c8a9-ce82-4373-8ed7-c422390f79b5;B;2025-05-26T19:49:25.946997;Prefer not to say;Female;Other;;No;0.0;Yes;;3;3;3;3;;;Never used;;;4;;1.0;;;2025-05-26T19:50:07.034676;;;;;1.0;;;;;;;;;;;llama3-med42-8b;25.851977;B;Ollama;TASK_COMPLETION;{'timestamp': '2025-05-26T19:50:07.016478', 'user_id': '5195c8a9-ce82-4373-8ed7-c422390f79b5', 'task_number': 1, 'difficulty': 3, 'mental_demand': 3, 'frustration': 3, 'accuracy': 3, 'task_accomplishment': 3, 'expectation_match': 3, 'clinical_usefulness': 3, 'medical_inaccuracies': '', 'task_duration': 25.851977, 'start_time': '2025-05-26T19:49:41.182674', 'end_time': '2025-05-26T19:50:07.034664', 'prompt_count': 1}
5195c8a9-ce82-4373-8ed7-c422390f79b5;B;2025-05-26T19:49:25.946997;Prefer not to say;Female;Other;;No;0.0;Yes;;3;3;3;3;;;Never used;;;4;;2.0;completed;13.667889;2025-05-26T19:50:24.960954;2025-05-26T19:50:11.293022;2025-05-26T19:50:24.960933;;;1.0;2025-05-26T19:50:11.293022;2025-05-26T19:50:24.960933;;3.0;3.0;3.0;3.0;3.0;3.0;3.0;;;;;;
5195c8a9-ce82-4373-8ed7-c422390f79b5;B;2025-05-26T19:49:25.946997;Prefer not to say;Female;Other;;No;0.0;Yes;;3;3;3;3;;;Never used;;;4;;2.0;;;2025-05-26T19:50:24.977555;;;;;1.0;;;;;;;;;;;llama3-med42-8b;13.684505;B;Ollama;TASK_COMPLETION;{'timestamp': '2025-05-26T19:50:24.960954', 'user_id': '5195c8a9-ce82-4373-8ed7-c422390f79b5', 'task_number': 2, 'difficulty': 3, 'mental_demand': 3, 'frustration': 3, 'accuracy': 3, 'task_accomplishment': 3, 'expectation_match': 3, 'clinical_usefulness': 3, 'medical_inaccuracies': '', 'task_duration': 13.684505, 'start_time': '2025-05-26T19:50:11.293022', 'end_time': '2025-05-26T19:50:24.977541', 'prompt_count': 1}
5195c8a9-ce82-4373-8ed7-c422390f79b5;B;2025-05-26T19:49:25.946997;Prefer not to say;Female;Other;;No;0.0;Yes;;3;3;3;3;;;Never used;;;4;;3.0;started;;2025-05-26T19:54:46.472070;2025-05-26T19:54:46.472070;;;;;;;;;;;;;;;;;;;;
5259d0b3-a5ce-40fd-8110-1ac93c17f653;B;2025-05-29T12:47:18.561940;Prefer not to say;Prefer not to say;Other;;No;0.0;Yes;;3;3;3;3;;;1-3 times per month;;;3;;1.0;completed;93.729893;2025-05-29T12:49:01.449579;2025-05-29T12:47:27.719649;2025-05-29T12:49:01.449558;;;2.0;2025-05-29T12:47:27.719649;2025-05-29T12:49:01.449558;;3.0;3.0;3.0;3.0;3.0;3.0;3.0;;;;;;
5259d0b3-a5ce-40fd-8110-1ac93c17f653;B;2025-05-29T12:47:18.561940;Prefer not to say;Prefer not to say;Other;;No;0.0;Yes;;3;3;3;3;;;1-3 times per month;;;3;;1.0;;;2025-05-29T10:49:01.467288+00:00;;;;;2.0;;;;;;;;;;;meta-llama/Llama-3.3-70B-Instruct-Turbo-Free;93.747597;B;Together;TASK_COMPLETION;{'timestamp': '2025-05-29T12:49:01.449579', 'user_id': '5259d0b3-a5ce-40fd-8110-1ac93c17f653', 'task_number': 1, 'difficulty': 3, 'mental_demand': 3, 'frustration': 3, 'accuracy': 3, 'task_accomplishment': 3, 'expectation_match': 3, 'clinical_usefulness': 3, 'medical_inaccuracies': '', 'task_duration': 93.747597, 'start_time': '2025-05-29T12:47:27.719649', 'end_time': '2025-05-29T12:49:01.467262', 'prompt_count': 2}
5259d0b3-a5ce-40fd-8110-1ac93c17f653;B;2025-05-29T12:47:18.561940;Prefer not to say;Prefer not to say;Other;;No;0.0;Yes;;3;3;3;3;;;1-3 times per month;;;3;;2.0;completed;15.092851;2025-05-29T12:49:19.843974;2025-05-29T12:49:04.751100;2025-05-29T12:49:19.843965;;;1.0;2025-05-29T12:49:04.751100;2025-05-29T12:49:19.843965;;3.0;3.0;3.0;3.0;3.0;3.0;3.0;;;;;;
5259d0b3-a5ce-40fd-8110-1ac93c17f653;B;2025-05-29T12:47:18.561940;Prefer not to say;Prefer not to say;Other;;No;0.0;Yes;;3;3;3;3;;;1-3 times per month;;;3;;2.0;;;2025-05-29T10:49:19.852057+00:00;;;;;1.0;;;;;;;;;;;meta-llama/Llama-3.3-70B-Instruct-Turbo-Free;15.100943;B;Together;TASK_COMPLETION;{'timestamp': '2025-05-29T12:49:19.843974', 'user_id': '5259d0b3-a5ce-40fd-8110-1ac93c17f653', 'task_number': 2, 'difficulty': 3, 'mental_demand': 3, 'frustration': 3, 'accuracy': 3, 'task_accomplishment': 3, 'expectation_match': 3, 'clinical_usefulness': 3, 'medical_inaccuracies': '', 'task_duration': 15.100943, 'start_time': '2025-05-29T12:49:04.751100', 'end_time': '2025-05-29T12:49:19.852049', 'prompt_count': 1}
5259d0b3-a5ce-40fd-8110-1ac93c17f653;B;2025-05-29T12:47:18.561940;Prefer not to say;Prefer not to say;Other;;No;0.0;Yes;;3;3;3;3;;;1-3 times per month;;;3;;3.0;started;;2025-05-29T12:55:41.734719;2025-05-29T12:55:41.734719;;;;;;;;;;;;;;;;;;;;
5259d0b3-a5ce-40fd-8110-1ac93c17f653;B;2025-05-29T12:58:37.331088;Prefer not to say;Prefer not to say;Other;;No;0.0;Yes;;3;3;3;3;;;1-3 times per month;;;3;;1.0;completed;93.729893;2025-05-29T12:49:01.449579;2025-05-29T12:47:27.719649;2025-05-29T12:49:01.449558;;;2.0;2025-05-29T12:47:27.719649;2025-05-29T12:49:01.449558;;3.0;3.0;3.0;3.0;3.0;3.0;3.0;;;;;;
5259d0b3-a5ce-40fd-8110-1ac93c17f653;B;2025-05-29T12:58:37.331088;Prefer not to say;Prefer not to say;Other;;No;0.0;Yes;;3;3;3;3;;;1-3 times per month;;;3;;1.0;;;2025-05-29T10:49:01.467288+00:00;;;;;2.0;;;;;;;;;;;meta-llama/Llama-3.3-70B-Instruct-Turbo-Free;93.747597;B;Together;TASK_COMPLETION;{'timestamp': '2025-05-29T12:49:01.449579', 'user_id': '5259d0b3-a5ce-40fd-8110-1ac93c17f653', 'task_number': 1, 'difficulty': 3, 'mental_demand': 3, 'frustration': 3, 'accuracy': 3, 'task_accomplishment': 3, 'expectation_match': 3, 'clinical_usefulness': 3, 'medical_inaccuracies': '', 'task_duration': 93.747597, 'start_time': '2025-05-29T12:47:27.719649', 'end_time': '2025-05-29T12:49:01.467262', 'prompt_count': 2}
5259d0b3-a5ce-40fd-8110-1ac93c17f653;B;2025-05-29T12:58:37.331088;Prefer not to say;Prefer not to say;Other;;No;0.0;Yes;;3;3;3;3;;;1-3 times per month;;;3;;2.0;completed;15.092851;2025-05-29T12:49:19.843974;2025-05-29T12:49:04.751100;2025-05-29T12:49:19.843965;;;1.0;2025-05-29T12:49:04.751100;2025-05-29T12:49:19.843965;;3.0;3.0;3.0;3.0;3.0;3.0;3.0;;;;;;
5259d0b3-a5ce-40fd-8110-1ac93c17f653;B;2025-05-29T12:58:37.331088;Prefer not to say;Prefer not to say;Other;;No;0.0;Yes;;3;3;3;3;;;1-3 times per month;;;3;;2.0;;;2025-05-29T10:49:19.852057+00:00;;;;;1.0;;;;;;;;;;;meta-llama/Llama-3.3-70B-Instruct-Turbo-Free;15.100943;B;Together;TASK_COMPLETION;{'timestamp': '2025-05-29T12:49:19.843974', 'user_id': '5259d0b3-a5ce-40fd-8110-1ac93c17f653', 'task_number': 2, 'difficulty': 3, 'mental_demand': 3, 'frustration': 3, 'accuracy': 3, 'task_accomplishment': 3, 'expectation_match': 3, 'clinical_usefulness': 3, 'medical_inaccuracies': '', 'task_duration': 15.100943, 'start_time': '2025-05-29T12:49:04.751100', 'end_time': '2025-05-29T12:49:19.852049', 'prompt_count': 1}
5259d0b3-a5ce-40fd-8110-1ac93c17f653;B;2025-05-29T12:58:37.331088;Prefer not to say;Prefer not to say;Other;;No;0.0;Yes;;3;3;3;3;;;1-3 times per month;;;3;;3.0;started;;2025-05-29T12:55:41.734719;2025-05-29T12:55:41.734719;;;;;;;;;;;;;;;;;;;;
542cac71-2685-43f2-b116-67531151525a;B;2025-05-29T13:37:56.904233;Prefer not to say;Prefer not to say;Medical Student (Pre-clinical);;No;0.0;Yes;;3;3;3;3;;;1-3 times per month;;;3;;1.0;completed;11.760578;2025-05-29T13:38:14.235136;2025-05-29T13:38:02.474520;2025-05-29T13:38:14.235117;;;1.0;2025-05-29T13:38:02.474520;2025-05-29T13:38:14.235117;;3.0;3.0;3.0;3.0;3.0;3.0;3.0;;;;;;
542cac71-2685-43f2-b116-67531151525a;B;2025-05-29T13:37:56.904233;Prefer not to say;Prefer not to say;Medical Student (Pre-clinical);;No;0.0;Yes;;3;3;3;3;;;1-3 times per month;;;3;;1.0;;;2025-05-29T11:38:14.252385+00:00;;;;;1.0;;;;;;;;;;;meta-llama/Llama-3.3-70B-Instruct-Turbo-Free;11.77784;B;Together;TASK_COMPLETION;{'timestamp': '2025-05-29T13:38:14.235136', 'user_id': '542cac71-2685-43f2-b116-67531151525a', 'task_number': 1, 'difficulty': 3, 'mental_demand': 3, 'frustration': 3, 'accuracy': 3, 'task_accomplishment': 3, 'expectation_match': 3, 'clinical_usefulness': 3, 'medical_inaccuracies': '', 'task_duration': 11.77784, 'start_time': '2025-05-29T13:38:02.474520', 'end_time': '2025-05-29T13:38:14.252373', 'prompt_count': 1}
542cac71-2685-43f2-b116-67531151525a;B;2025-05-29T13:37:56.904233;Prefer not to say;Prefer not to say;Medical Student (Pre-clinical);;No;0.0;Yes;;3;3;3;3;;;1-3 times per month;;;3;;2.0;completed;168.327173;2025-05-29T13:41:06.191890;2025-05-29T13:38:17.864672;2025-05-29T13:41:06.191867;;;1.0;2025-05-29T13:38:17.864672;2025-05-29T13:41:06.191867;;3.0;3.0;3.0;3.0;3.0;3.0;3.0;;;;;;
542cac71-2685-43f2-b116-67531151525a;B;2025-05-29T13:37:56.904233;Prefer not to say;Prefer not to say;Medical Student (Pre-clinical);;No;0.0;Yes;;3;3;3;3;;;1-3 times per month;;;3;;2.0;;;2025-05-29T11:41:06.210935+00:00;;;;;1.0;;;;;;;;;;;meta-llama/Llama-3.3-70B-Instruct-Turbo-Free;168.346239;B;Together;TASK_COMPLETION;{'timestamp': '2025-05-29T13:41:06.191890', 'user_id': '542cac71-2685-43f2-b116-67531151525a', 'task_number': 2, 'difficulty': 3, 'mental_demand': 3, 'frustration': 3, 'accuracy': 3, 'task_accomplishment': 3, 'expectation_match': 3, 'clinical_usefulness': 3, 'medical_inaccuracies': '', 'task_duration': 168.346239, 'start_time': '2025-05-29T13:38:17.864672', 'end_time': '2025-05-29T13:41:06.210924', 'prompt_count': 1}
542cac71-2685-43f2-b116-67531151525a;B;2025-05-29T13:37:56.904233;Prefer not to say;Prefer not to say;Medical Student (Pre-clinical);;No;0.0;Yes;;3;3;3;3;;;1-3 times per month;;;3;;3.0;completed;77.819085;2025-05-29T13:42:32.014309;2025-05-29T13:41:14.195196;2025-05-29T13:42:32.014294;;;1.0;2025-05-29T13:41:14.195196;2025-05-29T13:42:32.014294;;3.0;3.0;3.0;3.0;3.0;3.0;3.0;;;;;;
542cac71-2685-43f2-b116-67531151525a;B;2025-05-29T13:37:56.904233;Prefer not to say;Prefer not to say;Medical Student (Pre-clinical);;No;0.0;Yes;;3;3;3;3;;;1-3 times per month;;;3;;3.0;;;2025-05-29T11:42:32.025610+00:00;;;;;1.0;;;;;;;;;;;meta-llama/Llama-3.3-70B-Instruct-Turbo-Free;77.830388;B;Together;TASK_COMPLETION;{'timestamp': '2025-05-29T13:42:32.014309', 'user_id': '542cac71-2685-43f2-b116-67531151525a', 'task_number': 3, 'difficulty': 3, 'mental_demand': 3, 'frustration': 3, 'accuracy': 3, 'task_accomplishment': 3, 'expectation_match': 3, 'clinical_usefulness': 3, 'medical_inaccuracies': '', 'task_duration': 77.830388, 'start_time': '2025-05-29T13:41:14.195196', 'end_time': '2025-05-29T13:42:32.025595', 'prompt_count': 1}
54fc03e9-52d8-40ec-82ba-35c677bb623b;B;2025-05-27T09:17:05.820596;Prefer not to say;Female;Medical Student (Pre-clinical);;No;0.0;Yes;;3;3;3;3;;;1-3 times per month;;;3;;1.0;started;;2025-05-27T09:17:12.462149;2025-05-27T09:17:12.462149;;;;;;;;;;;;;;;;;;;;
56d49d6c-6fa7-4a33-be6e-1f8af100096f;B;2025-05-27T15:50:26.987295;Prefer not to say;Prefer not to say;Medical Student (Pre-clinical);;No;0.0;Yes;;3;3;3;3;;;1-3 times per month;;;3;;;;;;;;;;;;;;;;;;;;;;;;;;
5e6d8575-ea46-47b9-9513-ad6a26b1c05b;B;2025-05-28T17:55:27.407688;Prefer not to say;Prefer not to say;Medical Student (Pre-clinical);;No;0.0;Yes;;3;3;3;3;;;1-3 times per month;;;3;;1.0;started;;2025-05-28T17:55:33.628307;2025-05-28T17:55:33.628307;;;;;;;;;;;;;;;;;;;;
60d6283c-4b2a-4fc4-b701-12c506d7cc32;B;2025-05-25T14:09:28.387518;19;Female;Specialist;;Yes;2.0;Yes;;1;3;2;4;;;Daily or more frequently;;;5;;1.0;completed;0.0;2025-05-25T14:11:00.981637;2025-05-25T14:09:24.984115;2025-05-25T14:11:00.984115;3.0;test;3.0;2025-05-25T14:09:24.984115;2025-05-25T14:11:00.984115;test;3.0;3.0;3.0;2.0;3.0;2.0;3.0;;;;;;
60d6283c-4b2a-4fc4-b701-12c506d7cc32;B;2025-05-25T14:09:28.387518;19;Female;Specialist;;Yes;2.0;Yes;;1;3;2;4;;;Daily or more frequently;;;5;;2.0;completed;0.0;2025-05-25T14:11:25.213241;2025-05-25T14:11:01.216610;2025-05-25T14:11:25.216610;3.0;;1.0;2025-05-25T14:11:01.216610;2025-05-25T14:11:25.216610;;3.0;3.0;3.0;2.0;3.0;2.0;3.0;;;;;;
60d6283c-4b2a-4fc4-b701-12c506d7cc32;B;2025-05-25T14:09:28.387518;19;Female;Specialist;;Yes;2.0;Yes;;1;3;2;4;;;Daily or more frequently;;;5;;3.0;completed;0.0;2025-05-25T14:12:56.642412;2025-05-25T14:11:25.645160;2025-05-25T14:12:56.645160;3.0;;1.0;2025-05-25T14:11:25.645160;2025-05-25T14:12:56.645160;;3.0;3.0;3.0;2.0;3.0;2.0;3.0;;;;;;
6266b738-1852-4d33-912f-1d884c990302;A;2025-05-22T12:55:41.575845;Prefer not to say;Prefer not to say;Medical Student (Pre-clinical);;No;;Yes;;3;3;3;3;;;1-3 times per month;;;3;;;;;;;;;;;;;;;;;;;;;;;;;;
62d6863e-db5d-4071-a162-118dfebf2a8a;B;2025-05-20T22:40:33.018821;Prefer not to say;Non-binary;Medical Student (Pre-clinical);;No;;Yes;;3;3;3;3;;;1-3 times per month;;;3;;;;;;;;;;;;;;;;;;;;;;;;;;
6c5fb0ef-24dd-436b-9ae3-b7053b7da9dd;A;2025-05-28T14:17:09.954692;Prefer not to say;Prefer not to say;Other;;No;0.0;Yes;;3;3;3;3;;;1-3 times per month;;;3;;1.0;started;;2025-05-28T14:17:18.218274;2025-05-28T14:17:18.218274;;;;;;;;;;;;;;;;;;;;
704f0b96-02fc-4668-9f0b-c253d1cbc47c;A;2025-05-26T12:56:19.461714;Prefer not to say;Non-binary;Other;;Yes;5.0;Yes;;1;2;4;3;;;1-6 times per week;;;1;;1.0;completed;30.92576;2025-05-26T12:56:56.894381;2025-05-26T12:56:25.968575;2025-05-26T12:56:56.894357;;;1.0;2025-05-26T12:56:25.968575;2025-05-26T12:56:56.894357;;;3.0;;;;;;;;;;;
704f0b96-02fc-4668-9f0b-c253d1cbc47c;A;2025-05-26T12:56:19.461714;Prefer not to say;Non-binary;Other;;Yes;5.0;Yes;;1;2;4;3;;;1-6 times per week;;;1;;1.0;completed;30.941003;2025-05-26T12:56:56.894381;2025-05-26T12:56:25.968575;2025-05-26T12:56:56.909592;3.0;;1.0;2025-05-26T12:56:25.968575;2025-05-26T12:56:56.909592;;;;;;;;;;;;;;
704f0b96-02fc-4668-9f0b-c253d1cbc47c;A;2025-05-26T12:56:19.461714;Prefer not to say;Non-binary;Other;;Yes;5.0;Yes;;1;2;4;3;;;1-6 times per week;;;1;;2.0;started;;2025-05-26T12:57:00.242763;2025-05-26T12:57:00.242763;;;;;;;;;;;;;;;;;;;;
726b8603-289e-41aa-b871-01f147852f69;A;2025-05-20T22:18:46.777696;Prefer not to say;Non-binary;Medical Student (Pre-clinical);;No;;Yes;;3;3;3;3;;;1-3 times per month;;;3;;;;;;;;;;;;;;;;;;;;;;;;;;
728c7dee-2759-48bc-b60e-7f22e9d198b4;A;2025-05-29T12:44:07.912454;Prefer not to say;Prefer not to say;Other;;No;0.0;Yes;;3;3;3;3;;;1-3 times per month;;;3;;1.0;completed;9.786949;2025-05-29T12:44:25.141003;2025-05-29T12:44:15.354007;2025-05-29T12:44:25.140982;;;1.0;2025-05-29T12:44:15.354007;2025-05-29T12:44:25.140982;;3.0;3.0;3.0;3.0;3.0;3.0;3.0;;;;;;
728c7dee-2759-48bc-b60e-7f22e9d198b4;A;2025-05-29T12:44:07.912454;Prefer not to say;Prefer not to say;Other;;No;0.0;Yes;;3;3;3;3;;;1-3 times per month;;;3;;1.0;;;2025-05-29T10:44:25.159133+00:00;;;;;1.0;;;;;;;;;;;meta-llama/Llama-3.3-70B-Instruct-Turbo-Free;9.805093;A;Together;TASK_COMPLETION;{'timestamp': '2025-05-29T12:44:25.141003', 'user_id': '728c7dee-2759-48bc-b60e-7f22e9d198b4', 'task_number': 1, 'difficulty': 3, 'mental_demand': 3, 'frustration': 3, 'accuracy': 3, 'task_accomplishment': 3, 'expectation_match': 3, 'clinical_usefulness': 3, 'medical_inaccuracies': '', 'task_duration': 9.805093, 'start_time': '2025-05-29T12:44:15.354007', 'end_time': '2025-05-29T12:44:25.159117', 'prompt_count': 1}
728c7dee-2759-48bc-b60e-7f22e9d198b4;A;2025-05-29T12:44:07.912454;Prefer not to say;Prefer not to say;Other;;No;0.0;Yes;;3;3;3;3;;;1-3 times per month;;;3;;2.0;completed;10.175547;2025-05-29T12:44:38.923597;2025-05-29T12:44:28.748004;2025-05-29T12:44:38.923576;;;1.0;2025-05-29T12:44:28.748004;2025-05-29T12:44:38.923576;;3.0;3.0;3.0;3.0;3.0;3.0;3.0;;;;;;
728c7dee-2759-48bc-b60e-7f22e9d198b4;A;2025-05-29T12:44:07.912454;Prefer not to say;Prefer not to say;Other;;No;0.0;Yes;;3;3;3;3;;;1-3 times per month;;;3;;2.0;;;2025-05-29T10:44:38.941238+00:00;;;;;1.0;;;;;;;;;;;meta-llama/Llama-3.3-70B-Instruct-Turbo-Free;10.193207;A;Together;TASK_COMPLETION;{'timestamp': '2025-05-29T12:44:38.923597', 'user_id': '728c7dee-2759-48bc-b60e-7f22e9d198b4', 'task_number': 2, 'difficulty': 3, 'mental_demand': 3, 'frustration': 3, 'accuracy': 3, 'task_accomplishment': 3, 'expectation_match': 3, 'clinical_usefulness': 3, 'medical_inaccuracies': '', 'task_duration': 10.193207, 'start_time': '2025-05-29T12:44:28.748004', 'end_time': '2025-05-29T12:44:38.941223', 'prompt_count': 1}
728c7dee-2759-48bc-b60e-7f22e9d198b4;A;2025-05-29T12:44:07.912454;Prefer not to say;Prefer not to say;Other;;No;0.0;Yes;;3;3;3;3;;;1-3 times per month;;;3;;3.0;completed;17.42763;2025-05-29T12:45:01.513755;2025-05-29T12:44:44.086085;2025-05-29T12:45:01.513735;;;1.0;2025-05-29T12:44:44.086085;2025-05-29T12:45:01.513735;;3.0;3.0;3.0;3.0;3.0;3.0;3.0;;;;;;
728c7dee-2759-48bc-b60e-7f22e9d198b4;A;2025-05-29T12:44:07.912454;Prefer not to say;Prefer not to say;Other;;No;0.0;Yes;;3;3;3;3;;;1-3 times per month;;;3;;3.0;;;2025-05-29T10:45:01.532377+00:00;;;;;1.0;;;;;;;;;;;meta-llama/Llama-3.3-70B-Instruct-Turbo-Free;17.446268;A;Together;TASK_COMPLETION;{'timestamp': '2025-05-29T12:45:01.513755', 'user_id': '728c7dee-2759-48bc-b60e-7f22e9d198b4', 'task_number': 3, 'difficulty': 3, 'mental_demand': 3, 'frustration': 3, 'accuracy': 3, 'task_accomplishment': 3, 'expectation_match': 3, 'clinical_usefulness': 3, 'medical_inaccuracies': '', 'task_duration': 17.446268, 'start_time': '2025-05-29T12:44:44.086085', 'end_time': '2025-05-29T12:45:01.532365', 'prompt_count': 1}
72cb9aa5-d6eb-4ce7-aa3c-0245e5383c4c;B;2025-05-26T09:04:21.340468;18;Non-binary;Specialist;;Yes;1.0;Yes;;1;4;4;2;;;1-6 times per week;;;1;;1.0;completed;0.0;2025-05-26T09:06:08.518162;2025-05-26T09:04:21.526015;2025-05-26T09:06:08.526015;5.0;hi;2.0;2025-05-26T09:04:21.526015;2025-05-26T09:06:08.526015;hi;5.0;5.0;5.0;5.0;5.0;5.0;5.0;;;;;;
72cb9aa5-d6eb-4ce7-aa3c-0245e5383c4c;B;2025-05-26T09:04:21.340468;18;Non-binary;Specialist;;Yes;1.0;Yes;;1;4;4;2;;;1-6 times per week;;;1;;2.0;completed;0.0;2025-05-26T09:07:26.299451;2025-05-26T09:06:08.306059;2025-05-26T09:07:26.306059;5.0;fsdfs;2.0;2025-05-26T09:06:08.306059;2025-05-26T09:07:26.306059;fsdfs;5.0;5.0;5.0;5.0;5.0;5.0;5.0;;;;;;
7342523f-4c72-4227-b8f0-3c6047c6a8e4;A;2025-05-27T17:07:49.647370;Prefer not to say;Female;Medical Student (Pre-clinical);;No;0.0;Yes;;3;3;3;3;;;1-3 times per month;;;3;;1.0;started;;2025-05-27T17:08:03.472623;2025-05-27T17:08:03.472623;;;;;;;;;;;;;;;;;;;;
745d67ab-7cd0-47a1-8a1f-54b83625af45;A;2025-05-28T17:45:49.154300;Prefer not to say;Female;Medical Student (Pre-clinical);;No;0.0;Yes;;3;3;3;3;;;1-3 times per month;;;3;;1.0;started;;2025-05-28T17:45:56.332455;2025-05-28T17:45:56.332455;;;;;;;;;;;;;;;;;;;;
75302fd5-454e-411a-97ce-c27f857d999d;B;2025-05-26T21:16:57.633324;Prefer not to say;Non-binary;Medical Student (Pre-clinical);;No;0.0;Yes;;3;3;3;3;;;1-3 times per month;;;3;;1.0;completed;14.711348;2025-05-26T21:17:18.790652;2025-05-26T21:17:04.079265;2025-05-26T21:17:18.790632;;;1.0;2025-05-26T21:17:04.079265;2025-05-26T21:17:18.790632;;3.0;3.0;3.0;3.0;3.0;3.0;3.0;;;;;;
75302fd5-454e-411a-97ce-c27f857d999d;B;2025-05-26T21:16:57.633324;Prefer not to say;Non-binary;Medical Student (Pre-clinical);;No;0.0;Yes;;3;3;3;3;;;1-3 times per month;;;3;;1.0;;;2025-05-26T21:17:18.806882;;;;;1.0;;;;;;;;;;;llama3-med42-8b;14.727595;B;Ollama;TASK_COMPLETION;{'timestamp': '2025-05-26T21:17:18.790652', 'user_id': '75302fd5-454e-411a-97ce-c27f857d999d', 'task_number': 1, 'difficulty': 3, 'mental_demand': 3, 'frustration': 3, 'accuracy': 3, 'task_accomplishment': 3, 'expectation_match': 3, 'clinical_usefulness': 3, 'medical_inaccuracies': '', 'task_duration': 14.727595, 'start_time': '2025-05-26T21:17:04.079265', 'end_time': '2025-05-26T21:17:18.806870', 'prompt_count': 1}
75302fd5-454e-411a-97ce-c27f857d999d;B;2025-05-26T21:16:57.633324;Prefer not to say;Non-binary;Medical Student (Pre-clinical);;No;0.0;Yes;;3;3;3;3;;;1-3 times per month;;;3;;2.0;completed;10.5113;2025-05-26T21:17:35.696174;2025-05-26T21:17:25.184825;2025-05-26T21:17:35.696150;;;1.0;2025-05-26T21:17:25.184825;2025-05-26T21:17:35.696150;;3.0;3.0;3.0;3.0;3.0;3.0;3.0;;;;;;
75302fd5-454e-411a-97ce-c27f857d999d;B;2025-05-26T21:16:57.633324;Prefer not to say;Non-binary;Medical Student (Pre-clinical);;No;0.0;Yes;;3;3;3;3;;;1-3 times per month;;;3;;2.0;;;2025-05-26T21:17:35.717400;;;;;1.0;;;;;;;;;;;llama3-med42-8b;10.532553;B;Ollama;TASK_COMPLETION;{'timestamp': '2025-05-26T21:17:35.696174', 'user_id': '75302fd5-454e-411a-97ce-c27f857d999d', 'task_number': 2, 'difficulty': 3, 'mental_demand': 3, 'frustration': 3, 'accuracy': 3, 'task_accomplishment': 3, 'expectation_match': 3, 'clinical_usefulness': 3, 'medical_inaccuracies': '', 'task_duration': 10.532553, 'start_time': '2025-05-26T21:17:25.184825', 'end_time': '2025-05-26T21:17:35.717389', 'prompt_count': 1}
772d7eea-c505-4d14-90fc-e9ff693b0037;A;2025-05-20T22:28:25.389146;Prefer not to say;Prefer not to say;Medical Student (Pre-clinical);;No;;Yes;;3;3;3;3;;;1-3 times per month;;;3;;;;;;;;;;;;;;;;;;;;;;;;;;
77309108-450b-411d-832e-6d6447535710;B;2025-05-26T17:44:43.298007;Prefer not to say;Non-binary;Medical Student (Pre-clinical);;No;0.0;Yes;;3;3;3;3;;;Daily or more frequently;;;3;;1.0;completed;26.187522;2025-05-26T17:45:28.380841;2025-05-26T17:45:02.193295;2025-05-26T17:45:28.380831;;;1.0;2025-05-26T17:45:02.193295;2025-05-26T17:45:28.380831;ppp;3.0;3.0;3.0;3.0;3.0;3.0;3.0;;;;;;
77309108-450b-411d-832e-6d6447535710;B;2025-05-26T17:44:43.298007;Prefer not to say;Non-binary;Medical Student (Pre-clinical);;No;0.0;Yes;;3;3;3;3;;;Daily or more frequently;;;3;;1.0;;;2025-05-26T17:45:28.389119;;;;;1.0;;;;;;;;;;;llama3-med42-8b;26.195811;B;Ollama;TASK_COMPLETION;{'timestamp': '2025-05-26T17:45:28.380841', 'user_id': '77309108-450b-411d-832e-6d6447535710', 'task_number': 1, 'difficulty': 3, 'mental_demand': 3, 'frustration': 3, 'accuracy': 3, 'task_accomplishment': 3, 'expectation_match': 3, 'clinical_usefulness': 3, 'medical_inaccuracies': 'ppp', 'task_duration': 26.195811, 'start_time': '2025-05-26T17:45:02.193295', 'end_time': '2025-05-26T17:45:28.389112', 'prompt_count': 1}
77309108-450b-411d-832e-6d6447535710;B;2025-05-26T17:44:43.298007;Prefer not to say;Non-binary;Medical Student (Pre-clinical);;No;0.0;Yes;;3;3;3;3;;;Daily or more frequently;;;3;;2.0;completed;69.013647;2025-05-26T17:46:41.197741;2025-05-26T17:45:32.184052;2025-05-26T17:46:41.197721;;;1.0;2025-05-26T17:45:32.184052;2025-05-26T17:46:41.197721;;3.0;3.0;3.0;3.0;3.0;3.0;3.0;;;;;;
77309108-450b-411d-832e-6d6447535710;B;2025-05-26T17:44:43.298007;Prefer not to say;Non-binary;Medical Student (Pre-clinical);;No;0.0;Yes;;3;3;3;3;;;Daily or more frequently;;;3;;2.0;;;2025-05-26T17:46:41.213196;;;;;1.0;;;;;;;;;;;llama3-med42-8b;69.029118;B;Ollama;TASK_COMPLETION;{'timestamp': '2025-05-26T17:46:41.197741', 'user_id': '77309108-450b-411d-832e-6d6447535710', 'task_number': 2, 'difficulty': 3, 'mental_demand': 3, 'frustration': 3, 'accuracy': 3, 'task_accomplishment': 3, 'expectation_match': 3, 'clinical_usefulness': 3, 'medical_inaccuracies': '', 'task_duration': 69.029118, 'start_time': '2025-05-26T17:45:32.184052', 'end_time': '2025-05-26T17:46:41.213182', 'prompt_count': 1}
77309108-450b-411d-832e-6d6447535710;B;2025-05-26T17:44:43.298007;Prefer not to say;Non-binary;Medical Student (Pre-clinical);;No;0.0;Yes;;3;3;3;3;;;Daily or more frequently;;;3;;3.0;completed;20.604594;2025-05-26T17:47:06.309937;2025-05-26T17:46:45.705303;2025-05-26T17:47:06.309916;;;1.0;2025-05-26T17:46:45.705303;2025-05-26T17:47:06.309916;;3.0;3.0;3.0;3.0;3.0;3.0;3.0;;;;;;
77309108-450b-411d-832e-6d6447535710;B;2025-05-26T17:44:43.298007;Prefer not to say;Non-binary;Medical Student (Pre-clinical);;No;0.0;Yes;;3;3;3;3;;;Daily or more frequently;;;3;;3.0;;;2025-05-26T17:47:06.326422;;;;;1.0;;;;;;;;;;;llama3-med42-8b;20.621089;B;Ollama;TASK_COMPLETION;{'timestamp': '2025-05-26T17:47:06.309937', 'user_id': '77309108-450b-411d-832e-6d6447535710', 'task_number': 3, 'difficulty': 3, 'mental_demand': 3, 'frustration': 3, 'accuracy': 3, 'task_accomplishment': 3, 'expectation_match': 3, 'clinical_usefulness': 3, 'medical_inaccuracies': '', 'task_duration': 20.621089, 'start_time': '2025-05-26T17:46:45.705303', 'end_time': '2025-05-26T17:47:06.326405', 'prompt_count': 1}
78d6df64-1bcc-4f35-845c-3bb87b8de1ca;A;2025-05-27T15:52:02.095575;Prefer not to say;Non-binary;Medical Student (Pre-clinical);;No;0.0;Yes;;3;3;3;3;;;1-3 times per month;;;3;;1.0;completed;13.072382;2025-05-27T15:54:16.293033;2025-05-27T15:54:03.220505;2025-05-27T15:54:16.292904;;;1.0;2025-05-27T15:54:03.220505;2025-05-27T15:54:16.292904;;3.0;3.0;3.0;3.0;3.0;3.0;3.0;;;;;;
78d6df64-1bcc-4f35-845c-3bb87b8de1ca;A;2025-05-27T15:52:02.095575;Prefer not to say;Non-binary;Medical Student (Pre-clinical);;No;0.0;Yes;;3;3;3;3;;;1-3 times per month;;;3;;1.0;;;2025-05-27T15:54:16.307126;;;;;1.0;;;;;;;;;;;HuggingFaceEndpoint;13.086598;A;HuggingFaceEndpoint;TASK_COMPLETION;{'timestamp': '2025-05-27T15:54:16.293033', 'user_id': '78d6df64-1bcc-4f35-845c-3bb87b8de1ca', 'task_number': 1, 'difficulty': 3, 'mental_demand': 3, 'frustration': 3, 'accuracy': 3, 'task_accomplishment': 3, 'expectation_match': 3, 'clinical_usefulness': 3, 'medical_inaccuracies': '', 'task_duration': 13.086598, 'start_time': '2025-05-27T15:54:03.220505', 'end_time': '2025-05-27T15:54:16.307114', 'prompt_count': 1}
78d6df64-1bcc-4f35-845c-3bb87b8de1ca;A;2025-05-27T15:52:02.095575;Prefer not to say;Non-binary;Medical Student (Pre-clinical);;No;0.0;Yes;;3;3;3;3;;;1-3 times per month;;;3;;2.0;completed;7.493444;2025-05-27T15:54:27.069815;2025-05-27T15:54:19.576325;2025-05-27T15:54:27.069792;;;1.0;2025-05-27T15:54:19.576325;2025-05-27T15:54:27.069792;;3.0;3.0;3.0;3.0;3.0;3.0;3.0;;;;;;
78d6df64-1bcc-4f35-845c-3bb87b8de1ca;A;2025-05-27T15:52:02.095575;Prefer not to say;Non-binary;Medical Student (Pre-clinical);;No;0.0;Yes;;3;3;3;3;;;1-3 times per month;;;3;;2.0;;;2025-05-27T15:54:27.086337;;;;;1.0;;;;;;;;;;;HuggingFaceEndpoint;7.509983;A;HuggingFaceEndpoint;TASK_COMPLETION;{'timestamp': '2025-05-27T15:54:27.069815', 'user_id': '78d6df64-1bcc-4f35-845c-3bb87b8de1ca', 'task_number': 2, 'difficulty': 3, 'mental_demand': 3, 'frustration': 3, 'accuracy': 3, 'task_accomplishment': 3, 'expectation_match': 3, 'clinical_usefulness': 3, 'medical_inaccuracies': '', 'task_duration': 7.509983, 'start_time': '2025-05-27T15:54:19.576325', 'end_time': '2025-05-27T15:54:27.086322', 'prompt_count': 1}
78d6df64-1bcc-4f35-845c-3bb87b8de1ca;A;2025-05-27T15:52:02.095575;Prefer not to say;Non-binary;Medical Student (Pre-clinical);;No;0.0;Yes;;3;3;3;3;;;1-3 times per month;;;3;;3.0;completed;6.774281;2025-05-27T15:54:36.813591;2025-05-27T15:54:30.039264;2025-05-27T15:54:36.813570;;;1.0;2025-05-27T15:54:30.039264;2025-05-27T15:54:36.813570;;3.0;3.0;3.0;3.0;3.0;3.0;3.0;;;;;;
78d6df64-1bcc-4f35-845c-3bb87b8de1ca;A;2025-05-27T15:52:02.095575;Prefer not to say;Non-binary;Medical Student (Pre-clinical);;No;0.0;Yes;;3;3;3;3;;;1-3 times per month;;;3;;3.0;;;2025-05-27T15:54:36.830849;;;;;1.0;;;;;;;;;;;HuggingFaceEndpoint;6.791565;A;HuggingFaceEndpoint;TASK_COMPLETION;{'timestamp': '2025-05-27T15:54:36.813591', 'user_id': '78d6df64-1bcc-4f35-845c-3bb87b8de1ca', 'task_number': 3, 'difficulty': 3, 'mental_demand': 3, 'frustration': 3, 'accuracy': 3, 'task_accomplishment': 3, 'expectation_match': 3, 'clinical_usefulness': 3, 'medical_inaccuracies': '', 'task_duration': 6.791565, 'start_time': '2025-05-27T15:54:30.039264', 'end_time': '2025-05-27T15:54:36.830838', 'prompt_count': 1}
7901d322-d4b0-4b67-89e0-7a862c2c0f9f;B;2025-05-26T12:59:09.067616;19;Non-binary;Specialist;;Yes;5.0;Yes;;3;3;2;4;;;Less than once a month;;;5;;1.0;completed;533.115609;2025-05-26T13:08:08.909351;2025-05-26T12:59:15.793699;2025-05-26T13:08:08.909329;;;1.0;2025-05-26T12:59:15.793699;2025-05-26T13:08:08.909329;;;3.0;;;;;;;;;;;
7e4f9a8b-5d22-4a07-be21-31a1207480f3;A;2025-05-28T17:40:41.448589;Prefer not to say;Prefer not to say;Medical Student (Pre-clinical);;No;0.0;Yes;;3;3;3;3;;;1-3 times per month;;;3;;1.0;started;;2025-05-28T17:40:46.771744;2025-05-28T17:40:46.771744;;;;;;;;;;;;;;;;;;;;
829ce4bf-38db-452e-a616-c545b62bcba1;B;2025-05-26T15:06:21.065141;Prefer not to say;Non-binary;Specialist;;Yes;1.0;Yes;;3;1;5;2;;;Less than once a month;;;3;;1.0;completed;64.107539;2025-05-26T15:07:32.776219;2025-05-26T15:06:28.668660;2025-05-26T15:07:32.776209;;;1.0;2025-05-26T15:06:28.668660;2025-05-26T15:07:32.776209;lets see;;1.0;;;;;;;;;;;
829ce4bf-38db-452e-a616-c545b62bcba1;B;2025-05-26T15:06:21.065141;Prefer not to say;Non-binary;Specialist;;Yes;1.0;Yes;;3;1;5;2;;;Less than once a month;;;3;;1.0;;;2025-05-26T15:07:32.785609;;;;;1.0;;;;;;;;;;;llama3-med42-8b;64.116931;B;Ollama;TASK_COMPLETION;{'clinical_usefulness': 1, 'medical_inaccuracies': 'lets see', 'task_duration': 64.116931, 'start_time': '2025-05-26T15:06:28.668660', 'end_time': '2025-05-26T15:07:32.785601', 'prompt_count': 1, 'timestamp': '2025-05-26T15:07:32.776219'}
829ce4bf-38db-452e-a616-c545b62bcba1;B;2025-05-26T15:06:21.065141;Prefer not to say;Non-binary;Specialist;;Yes;1.0;Yes;;3;1;5;2;;;Less than once a month;;;3;;2.0;completed;43.115546;2025-05-26T15:08:19.751459;2025-05-26T15:07:36.635894;2025-05-26T15:08:19.751449;;;1.0;2025-05-26T15:07:36.635894;2025-05-26T15:08:19.751449;dghndgh;;3.0;;;;;;;;;;;
829ce4bf-38db-452e-a616-c545b62bcba1;B;2025-05-26T15:06:21.065141;Prefer not to say;Non-binary;Specialist;;Yes;1.0;Yes;;3;1;5;2;;;Less than once a month;;;3;;2.0;;;2025-05-26T15:08:19.759201;;;;;1.0;;;;;;;;;;;llama3-med42-8b;43.123294;B;Ollama;TASK_COMPLETION;{'clinical_usefulness': 3, 'medical_inaccuracies': 'dghndgh', 'task_duration': 43.123294, 'start_time': '2025-05-26T15:07:36.635894', 'end_time': '2025-05-26T15:08:19.759194', 'prompt_count': 1, 'timestamp': '2025-05-26T15:08:19.751459'}
829ce4bf-38db-452e-a616-c545b62bcba1;B;2025-05-26T15:06:21.065141;Prefer not to say;Non-binary;Specialist;;Yes;1.0;Yes;;3;1;5;2;;;Less than once a month;;;3;;3.0;completed;24.872463;2025-05-26T15:09:04.696204;2025-05-26T15:08:39.823723;2025-05-26T15:09:04.696195;;;1.0;2025-05-26T15:08:39.823723;2025-05-26T15:09:04.696195;sdDqw;;3.0;;;;;;;;;;;
829ce4bf-38db-452e-a616-c545b62bcba1;B;2025-05-26T15:06:21.065141;Prefer not to say;Non-binary;Specialist;;Yes;1.0;Yes;;3;1;5;2;;;Less than once a month;;;3;;3.0;;;2025-05-26T15:09:04.703805;;;;;1.0;;;;;;;;;;;llama3-med42-8b;24.880071;B;Ollama;TASK_COMPLETION;{'clinical_usefulness': 3, 'medical_inaccuracies': 'sdDqw', 'task_duration': 24.880071, 'start_time': '2025-05-26T15:08:39.823723', 'end_time': '2025-05-26T15:09:04.703799', 'prompt_count': 1, 'timestamp': '2025-05-26T15:09:04.696204'}
846177f0-045d-425d-8973-3095af3f907a;B;2025-05-20T15:39:14.017356;Prefer not to say;Female;Medical Student (Pre-clinical);;No;;Yes;;3;3;3;3;;;1-3 times per month;;;3;;;;;;;;;;;;;;;;;;;;;;;;;;
854b6b73-c6e5-4227-8544-de69aad24abc;B;2025-05-26T12:50:14.483631;Prefer not to say;Non-binary;Medical Student (Pre-clinical);;No;0.0;Yes;;3;3;3;3;;;1-3 times per month;;;3;;1.0;started;;2025-05-26T12:50:20.865702;2025-05-26T12:50:20.865702;;;;;;;;;;;;;;;;;;;;
8ab2221e-751f-4638-a060-c1eea0744f5d;A;2025-05-26T17:59:52.712716;Prefer not to say;Non-binary;Other;;No;0.0;Yes;;3;3;3;3;;;1-3 times per month;;;3;;1.0;started;;2025-05-26T18:00:16.235994;2025-05-26T18:00:16.235994;;;;;;;;;;;;;;;;;;;;
94815c94-b8d3-4d57-bcb4-08c47bd7b320;B;2025-05-27T16:58:56.198792;Prefer not to say;Prefer not to say;Medical Student (Pre-clinical);;No;0.0;Yes;;3;3;3;3;;;1-3 times per month;;;3;;1.0;started;;2025-05-27T16:59:38.019786;2025-05-27T16:59:38.019786;;;;;;;;;;;;;;;;;;;;
97c96792-c9c0-459b-9480-d8cd35403a26;A;2025-05-26T13:38:07.797831;Prefer not to say;Prefer not to say;Medical Student (Pre-clinical);;No;0.0;Yes;;3;3;3;3;;;1-3 times per month;;;3;;1.0;started;;2025-05-26T13:38:15.788072;2025-05-26T13:38:15.788072;;;;;;;;;;;;;;;;;;;;
9f9db1af-ca6c-4f87-b000-c6720f679912;B;2025-05-29T10:16:55.106565;Prefer not to say;Non-binary;Medical Student (Pre-clinical);;No;0.0;Yes;;3;3;3;3;;;1-3 times per month;;;3;;1.0;completed;15.038769;2025-05-29T10:17:15.426935;2025-05-29T10:17:00.388143;2025-05-29T10:17:15.426924;;;1.0;2025-05-29T10:17:00.388143;2025-05-29T10:17:15.426924;;3.0;3.0;3.0;3.0;3.0;3.0;3.0;;;;;;
9f9db1af-ca6c-4f87-b000-c6720f679912;B;2025-05-29T10:16:55.106565;Prefer not to say;Non-binary;Medical Student (Pre-clinical);;No;0.0;Yes;;3;3;3;3;;;1-3 times per month;;;3;;1.0;;;2025-05-29T08:17:15.435524+00:00;;;;;1.0;;;;;;;;;;;meta-llama/Llama-3.3-70B-Instruct-Turbo-Free;15.04736;B;Together;TASK_COMPLETION;{'timestamp': '2025-05-29T10:17:15.426935', 'user_id': '9f9db1af-ca6c-4f87-b000-c6720f679912', 'task_number': 1, 'difficulty': 3, 'mental_demand': 3, 'frustration': 3, 'accuracy': 3, 'task_accomplishment': 3, 'expectation_match': 3, 'clinical_usefulness': 3, 'medical_inaccuracies': '', 'task_duration': 15.04736, 'start_time': '2025-05-29T10:17:00.388143', 'end_time': '2025-05-29T10:17:15.435510', 'prompt_count': 1}
9f9db1af-ca6c-4f87-b000-c6720f679912;B;2025-05-29T10:16:55.106565;Prefer not to say;Non-binary;Medical Student (Pre-clinical);;No;0.0;Yes;;3;3;3;3;;;1-3 times per month;;;3;;2.0;completed;12.832519;2025-05-29T10:17:31.210969;2025-05-29T10:17:18.378410;2025-05-29T10:17:31.210949;;;1.0;2025-05-29T10:17:18.378410;2025-05-29T10:17:31.210949;;3.0;3.0;3.0;3.0;3.0;3.0;3.0;;;;;;
9f9db1af-ca6c-4f87-b000-c6720f679912;B;2025-05-29T10:16:55.106565;Prefer not to say;Non-binary;Medical Student (Pre-clinical);;No;0.0;Yes;;3;3;3;3;;;1-3 times per month;;;3;;2.0;;;2025-05-29T08:17:31.228138+00:00;;;;;1.0;;;;;;;;;;;meta-llama/Llama-3.3-70B-Instruct-Turbo-Free;12.849699;B;Together;TASK_COMPLETION;{'timestamp': '2025-05-29T10:17:31.210969', 'user_id': '9f9db1af-ca6c-4f87-b000-c6720f679912', 'task_number': 2, 'difficulty': 3, 'mental_demand': 3, 'frustration': 3, 'accuracy': 3, 'task_accomplishment': 3, 'expectation_match': 3, 'clinical_usefulness': 3, 'medical_inaccuracies': '', 'task_duration': 12.849699, 'start_time': '2025-05-29T10:17:18.378410', 'end_time': '2025-05-29T10:17:31.228120', 'prompt_count': 1}
9f9db1af-ca6c-4f87-b000-c6720f679912;B;2025-05-29T10:16:55.106565;Prefer not to say;Non-binary;Medical Student (Pre-clinical);;No;0.0;Yes;;3;3;3;3;;;1-3 times per month;;;3;;3.0;completed;16.7002;2025-05-29T10:17:51.687656;2025-05-29T10:17:34.987417;2025-05-29T10:17:51.687636;;;1.0;2025-05-29T10:17:34.987417;2025-05-29T10:17:51.687636;;3.0;3.0;3.0;3.0;3.0;3.0;3.0;;;;;;
9f9db1af-ca6c-4f87-b000-c6720f679912;B;2025-05-29T10:16:55.106565;Prefer not to say;Non-binary;Medical Student (Pre-clinical);;No;0.0;Yes;;3;3;3;3;;;1-3 times per month;;;3;;3.0;;;2025-05-29T08:17:51.703260+00:00;;;;;1.0;;;;;;;;;;;meta-llama/Llama-3.3-70B-Instruct-Turbo-Free;16.715823;B;Together;TASK_COMPLETION;{'timestamp': '2025-05-29T10:17:51.687656', 'user_id': '9f9db1af-ca6c-4f87-b000-c6720f679912', 'task_number': 3, 'difficulty': 3, 'mental_demand': 3, 'frustration': 3, 'accuracy': 3, 'task_accomplishment': 3, 'expectation_match': 3, 'clinical_usefulness': 3, 'medical_inaccuracies': '', 'task_duration': 16.715823, 'start_time': '2025-05-29T10:17:34.987417', 'end_time': '2025-05-29T10:17:51.703248', 'prompt_count': 1}
a7683e60-51fc-4341-8203-39a5a07be156;A;2025-05-27T09:15:25.797474;Prefer not to say;Prefer not to say;Medical Student (Pre-clinical);;No;0.0;Yes;;3;3;3;3;;;1-3 times per month;;;3;;1.0;started;;2025-05-27T09:15:32.043121;2025-05-27T09:15:32.043121;;;;;;;;;;;;;;;;;;;;
a78d2096-e138-420e-bbb7-427da51a1907;B;2025-05-26T16:18:16.862134;Prefer not to say;Non-binary;Specialist;;Yes;1.0;Yes;;3;3;3;3;;;1-3 times per month;;;5;;1.0;completed;40.84096;2025-05-26T16:19:04.607464;2025-05-26T16:18:23.766477;2025-05-26T16:19:04.607450;;;1.0;2025-05-26T16:18:23.766477;2025-05-26T16:19:04.607450;look for me;;3.0;;;;;;;;;;;
a78d2096-e138-420e-bbb7-427da51a1907;B;2025-05-26T16:18:16.862134;Prefer not to say;Non-binary;Specialist;;Yes;1.0;Yes;;3;3;3;3;;;1-3 times per month;;;5;;1.0;;;2025-05-26T16:19:04.613743;;;;;1.0;;;;;;;;;;;llama3-med42-8b;40.847251;B;Ollama;TASK_COMPLETION;{'clinical_usefulness': 3, 'medical_inaccuracies': 'look for me', 'task_duration': 40.847251, 'start_time': '2025-05-26T16:18:23.766477', 'end_time': '2025-05-26T16:19:04.613736', 'prompt_count': 1, 'timestamp': '2025-05-26T16:19:04.607464'}
a78d2096-e138-420e-bbb7-427da51a1907;B;2025-05-26T16:18:16.862134;Prefer not to say;Non-binary;Specialist;;Yes;1.0;Yes;;3;3;3;3;;;1-3 times per month;;;5;;2.0;completed;19.812207;2025-05-26T16:19:28.963117;2025-05-26T16:19:09.150867;2025-05-26T16:19:28.963093;;;1.0;2025-05-26T16:19:09.150867;2025-05-26T16:19:28.963093;look for me;;3.0;;;;;;;;;;;
a78d2096-e138-420e-bbb7-427da51a1907;B;2025-05-26T16:18:16.862134;Prefer not to say;Non-binary;Specialist;;Yes;1.0;Yes;;3;3;3;3;;;1-3 times per month;;;5;;2.0;;;2025-05-26T16:19:28.975836;;;;;1.0;;;;;;;;;;;llama3-med42-8b;19.824931;B;Ollama;TASK_COMPLETION;{'clinical_usefulness': 3, 'medical_inaccuracies': 'look for me', 'task_duration': 19.824931, 'start_time': '2025-05-26T16:19:09.150867', 'end_time': '2025-05-26T16:19:28.975816', 'prompt_count': 1, 'timestamp': '2025-05-26T16:19:28.963117'}
a78d2096-e138-420e-bbb7-427da51a1907;B;2025-05-26T16:18:16.862134;Prefer not to say;Non-binary;Specialist;;Yes;1.0;Yes;;3;3;3;3;;;1-3 times per month;;;5;;3.0;completed;43.114714;2025-05-26T16:20:39.357863;2025-05-26T16:19:56.243131;2025-05-26T16:20:39.357854;;;1.0;2025-05-26T16:19:56.243131;2025-05-26T16:20:39.357854;look for me;;3.0;;;;;;;;;;;
a78d2096-e138-420e-bbb7-427da51a1907;B;2025-05-26T16:18:16.862134;Prefer not to say;Non-binary;Specialist;;Yes;1.0;Yes;;3;3;3;3;;;1-3 times per month;;;5;;3.0;;;2025-05-26T16:20:39.365788;;;;;1.0;;;;;;;;;;;llama3-med42-8b;43.122644;B;Ollama;TASK_COMPLETION;{'clinical_usefulness': 3, 'medical_inaccuracies': 'look for me', 'task_duration': 43.122644, 'start_time': '2025-05-26T16:19:56.243131', 'end_time': '2025-05-26T16:20:39.365781', 'prompt_count': 1, 'timestamp': '2025-05-26T16:20:39.357863'}
a9c4deae-1853-4b0a-ba6f-5dd0570438ca;B;2025-05-26T17:07:10.336337;Prefer not to say;Non-binary;Other;;Yes;1.0;Yes;;3;3;3;3;;;1-3 times per month;;;3;;1.0;completed;36.37637;2025-05-26T17:07:53.768982;2025-05-26T17:07:17.392593;2025-05-26T17:07:53.768972;;;1.0;2025-05-26T17:07:17.392593;2025-05-26T17:07:53.768972;zzz;3.0;3.0;3.0;3.0;3.0;3.0;3.0;;;;;;
a9c4deae-1853-4b0a-ba6f-5dd0570438ca;B;2025-05-26T17:07:10.336337;Prefer not to say;Non-binary;Other;;Yes;1.0;Yes;;3;3;3;3;;;1-3 times per month;;;3;;1.0;;;2025-05-26T17:07:53.776711;;;;;1.0;;;;;;;;;;;llama3-med42-8b;36.384104;B;Ollama;TASK_COMPLETION;{'timestamp': '2025-05-26T17:07:53.768982', 'user_id': 'a9c4deae-1853-4b0a-ba6f-5dd0570438ca', 'task_number': 1, 'difficulty': 3, 'mental_demand': 3, 'frustration': 3, 'accuracy': 3, 'task_accomplishment': 3, 'expectation_match': 3, 'clinical_usefulness': 3, 'medical_inaccuracies': 'zzz', 'task_duration': 36.384104, 'start_time': '2025-05-26T17:07:17.392593', 'end_time': '2025-05-26T17:07:53.776703', 'prompt_count': 1}
a9c4deae-1853-4b0a-ba6f-5dd0570438ca;B;2025-05-26T17:07:10.336337;Prefer not to say;Non-binary;Other;;Yes;1.0;Yes;;3;3;3;3;;;1-3 times per month;;;3;;2.0;completed;16.303194;2025-05-26T17:08:13.217718;2025-05-26T17:07:56.914507;2025-05-26T17:08:13.217709;;;1.0;2025-05-26T17:07:56.914507;2025-05-26T17:08:13.217709;zzz;3.0;3.0;3.0;3.0;3.0;3.0;3.0;;;;;;
a9c4deae-1853-4b0a-ba6f-5dd0570438ca;B;2025-05-26T17:07:10.336337;Prefer not to say;Non-binary;Other;;Yes;1.0;Yes;;3;3;3;3;;;1-3 times per month;;;3;;2.0;;;2025-05-26T17:08:13.225170;;;;;1.0;;;;;;;;;;;llama3-med42-8b;16.310648;B;Ollama;TASK_COMPLETION;{'timestamp': '2025-05-26T17:08:13.217718', 'user_id': 'a9c4deae-1853-4b0a-ba6f-5dd0570438ca', 'task_number': 2, 'difficulty': 3, 'mental_demand': 3, 'frustration': 3, 'accuracy': 3, 'task_accomplishment': 3, 'expectation_match': 3, 'clinical_usefulness': 3, 'medical_inaccuracies': 'zzz', 'task_duration': 16.310648, 'start_time': '2025-05-26T17:07:56.914507', 'end_time': '2025-05-26T17:08:13.225163', 'prompt_count': 1}
a9c4deae-1853-4b0a-ba6f-5dd0570438ca;B;2025-05-26T17:07:10.336337;Prefer not to say;Non-binary;Other;;Yes;1.0;Yes;;3;3;3;3;;;1-3 times per month;;;3;;3.0;started;;2025-05-26T17:08:16.815776;2025-05-26T17:08:16.815776;;;;;;;;;;;;;;;;;;;;
ac1e0c19-6342-49c8-878c-c063876a9129;B;2025-05-26T20:56:24.380757;Prefer not to say;Female;Medical Student (Pre-clinical);;No;0.0;Yes;;3;3;3;3;;;1-3 times per month;;;3;;1.0;completed;19.000794;2025-05-26T20:56:51.129584;2025-05-26T20:56:32.128672;2025-05-26T20:56:51.129502;;;1.0;2025-05-26T20:56:32.128672;2025-05-26T20:56:51.129502;;3.0;3.0;3.0;3.0;3.0;3.0;3.0;;;;;;
ac1e0c19-6342-49c8-878c-c063876a9129;B;2025-05-26T20:56:24.380757;Prefer not to say;Female;Medical Student (Pre-clinical);;No;0.0;Yes;;3;3;3;3;;;1-3 times per month;;;3;;1.0;;;2025-05-26T20:56:51.145273;;;;;1.0;;;;;;;;;;;llama3-med42-8b;19.016564;B;Ollama;TASK_COMPLETION;{'timestamp': '2025-05-26T20:56:51.129584', 'user_id': 'ac1e0c19-6342-49c8-878c-c063876a9129', 'task_number': 1, 'difficulty': 3, 'mental_demand': 3, 'frustration': 3, 'accuracy': 3, 'task_accomplishment': 3, 'expectation_match': 3, 'clinical_usefulness': 3, 'medical_inaccuracies': '', 'task_duration': 19.016564, 'start_time': '2025-05-26T20:56:32.128672', 'end_time': '2025-05-26T20:56:51.145255', 'prompt_count': 1}
ac1e0c19-6342-49c8-878c-c063876a9129;B;2025-05-26T20:56:24.380757;Prefer not to say;Female;Medical Student (Pre-clinical);;No;0.0;Yes;;3;3;3;3;;;1-3 times per month;;;3;;2.0;completed;10.330645;2025-05-26T20:57:04.616851;2025-05-26T20:56:54.286169;2025-05-26T20:57:04.616831;;;1.0;2025-05-26T20:56:54.286169;2025-05-26T20:57:04.616831;;3.0;3.0;3.0;3.0;3.0;3.0;3.0;;;;;;
ac1e0c19-6342-49c8-878c-c063876a9129;B;2025-05-26T20:56:24.380757;Prefer not to say;Female;Medical Student (Pre-clinical);;No;0.0;Yes;;3;3;3;3;;;1-3 times per month;;;3;;2.0;;;2025-05-26T20:57:04.633730;;;;;1.0;;;;;;;;;;;llama3-med42-8b;10.347534;B;Ollama;TASK_COMPLETION;{'timestamp': '2025-05-26T20:57:04.616851', 'user_id': 'ac1e0c19-6342-49c8-878c-c063876a9129', 'task_number': 2, 'difficulty': 3, 'mental_demand': 3, 'frustration': 3, 'accuracy': 3, 'task_accomplishment': 3, 'expectation_match': 3, 'clinical_usefulness': 3, 'medical_inaccuracies': '', 'task_duration': 10.347534, 'start_time': '2025-05-26T20:56:54.286169', 'end_time': '2025-05-26T20:57:04.633716', 'prompt_count': 1}
ac1e0c19-6342-49c8-878c-c063876a9129;B;2025-05-26T20:56:24.380757;Prefer not to say;Female;Medical Student (Pre-clinical);;No;0.0;Yes;;3;3;3;3;;;1-3 times per month;;;3;;3.0;started;;2025-05-26T20:57:30.381450;2025-05-26T20:57:30.381450;;;;;;;;;;;;;;;;;;;;
acb0592c-bd07-46cf-a0e6-f427fea4e1b5;B;2025-05-22T13:03:54.694019;Prefer not to say;Prefer not to say;Medical Student (Pre-clinical);;No;;Yes;;3;3;3;3;;;1-3 times per month;;;3;;;;;;;;;;;;;;;;;;;;;;;;;;
ad5fee4d-7e45-4085-a72c-b2c2d5a6d454;A;2025-05-26T13:39:19.097346;Prefer not to say;Prefer not to say;Medical Student (Pre-clinical);;No;0.0;Yes;;3;3;3;3;;;1-3 times per month;;;3;;1.0;completed;12.343064;2025-05-26T13:39:41.612263;2025-05-26T13:39:29.269151;2025-05-26T13:39:41.612236;;;1.0;2025-05-26T13:39:29.269151;2025-05-26T13:39:41.612236;;;3.0;;;;;;;;;;;
ad5fee4d-7e45-4085-a72c-b2c2d5a6d454;A;2025-05-26T13:39:19.097346;Prefer not to say;Prefer not to say;Medical Student (Pre-clinical);;No;0.0;Yes;;3;3;3;3;;;1-3 times per month;;;3;;1.0;;;2025-05-26T13:39:41.629892;;;;;1.0;;;;;;;;;;;llama3-med42-8b;12.36071;A;Ollama;TASK_COMPLETION;{'clinical_usefulness': 3, 'medical_inaccuracies': '', 'task_duration': 12.36071, 'start_time': '2025-05-26T13:39:29.269151', 'end_time': '2025-05-26T13:39:41.629876', 'prompt_count': 1, 'timestamp': '2025-05-26T13:39:41.612263'}
ad5fee4d-7e45-4085-a72c-b2c2d5a6d454;A;2025-05-26T13:39:19.097346;Prefer not to say;Prefer not to say;Medical Student (Pre-clinical);;No;0.0;Yes;;3;3;3;3;;;1-3 times per month;;;3;;2.0;started;;2025-05-26T13:39:46.287719;2025-05-26T13:39:46.287719;;;;;;;;;;;;;;;;;;;;
b11efbfa-60ab-472c-a395-00230d99c288;A;2025-05-26T12:48:19.353604;Prefer not to say;Non-binary;Specialist;;No;0.0;Yes;;3;3;3;3;;;1-3 times per month;;;3;;1.0;completed;23.723556;2025-05-26T12:48:49.185787;2025-05-26T12:48:25.462192;2025-05-26T12:48:49.185765;;;1.0;2025-05-26T12:48:25.462192;2025-05-26T12:48:49.185765;;;3.0;;;;;;;;;;;
b11efbfa-60ab-472c-a395-00230d99c288;A;2025-05-26T12:48:19.353604;Prefer not to say;Non-binary;Specialist;;No;0.0;Yes;;3;3;3;3;;;1-3 times per month;;;3;;1.0;completed;23.742823;2025-05-26T12:48:49.185787;2025-05-26T12:48:25.462192;2025-05-26T12:48:49.205028;3.0;;1.0;2025-05-26T12:48:25.462192;2025-05-26T12:48:49.205028;;;;;;;;;;;;;;
b11efbfa-60ab-472c-a395-00230d99c288;A;2025-05-26T12:48:19.353604;Prefer not to say;Non-binary;Specialist;;No;0.0;Yes;;3;3;3;3;;;1-3 times per month;;;3;;2.0;started;;2025-05-26T12:48:52.573493;2025-05-26T12:48:52.573493;;;;;;;;;;;;;;;;;;;;
b56131ea-4983-47f9-ac12-c274ef5685d5;B;2025-05-29T13:27:16.360312;Prefer not to say;Prefer not to say;Medical Student (Pre-clinical);;No;0.0;Yes;;3;3;3;3;;;1-3 times per month;;;3;;1.0;completed;12.437269;2025-05-29T13:27:34.496996;2025-05-29T13:27:22.059683;2025-05-29T13:27:34.496974;;;1.0;2025-05-29T13:27:22.059683;2025-05-29T13:27:34.496974;;3.0;3.0;3.0;3.0;3.0;3.0;3.0;;;;;;
b56131ea-4983-47f9-ac12-c274ef5685d5;B;2025-05-29T13:27:16.360312;Prefer not to say;Prefer not to say;Medical Student (Pre-clinical);;No;0.0;Yes;;3;3;3;3;;;1-3 times per month;;;3;;1.0;;;2025-05-29T11:27:34.513993+00:00;;;;;1.0;;;;;;;;;;;meta-llama/Llama-3.3-70B-Instruct-Turbo-Free;12.454274;B;Together;TASK_COMPLETION;{'timestamp': '2025-05-29T13:27:34.496996', 'user_id': 'b56131ea-4983-47f9-ac12-c274ef5685d5', 'task_number': 1, 'difficulty': 3, 'mental_demand': 3, 'frustration': 3, 'accuracy': 3, 'task_accomplishment': 3, 'expectation_match': 3, 'clinical_usefulness': 3, 'medical_inaccuracies': '', 'task_duration': 12.454274, 'start_time': '2025-05-29T13:27:22.059683', 'end_time': '2025-05-29T13:27:34.513976', 'prompt_count': 1}
b56131ea-4983-47f9-ac12-c274ef5685d5;B;2025-05-29T13:27:16.360312;Prefer not to say;Prefer not to say;Medical Student (Pre-clinical);;No;0.0;Yes;;3;3;3;3;;;1-3 times per month;;;3;;2.0;completed;9.937879;2025-05-29T13:27:48.098784;2025-05-29T13:27:38.160865;2025-05-29T13:27:48.098763;;;1.0;2025-05-29T13:27:38.160865;2025-05-29T13:27:48.098763;;3.0;3.0;3.0;3.0;3.0;3.0;3.0;;;;;;
b56131ea-4983-47f9-ac12-c274ef5685d5;B;2025-05-29T13:27:16.360312;Prefer not to say;Prefer not to say;Medical Student (Pre-clinical);;No;0.0;Yes;;3;3;3;3;;;1-3 times per month;;;3;;2.0;;;2025-05-29T11:27:48.115238+00:00;;;;;1.0;;;;;;;;;;;meta-llama/Llama-3.3-70B-Instruct-Turbo-Free;9.954347;B;Together;TASK_COMPLETION;{'timestamp': '2025-05-29T13:27:48.098784', 'user_id': 'b56131ea-4983-47f9-ac12-c274ef5685d5', 'task_number': 2, 'difficulty': 3, 'mental_demand': 3, 'frustration': 3, 'accuracy': 3, 'task_accomplishment': 3, 'expectation_match': 3, 'clinical_usefulness': 3, 'medical_inaccuracies': '', 'task_duration': 9.954347, 'start_time': '2025-05-29T13:27:38.160865', 'end_time': '2025-05-29T13:27:48.115224', 'prompt_count': 1}
b56131ea-4983-47f9-ac12-c274ef5685d5;B;2025-05-29T13:27:16.360312;Prefer not to say;Prefer not to say;Medical Student (Pre-clinical);;No;0.0;Yes;;3;3;3;3;;;1-3 times per month;;;3;;3.0;started;;2025-05-29T13:28:00.171917;2025-05-29T13:28:00.171917;;;;;;;;;;;;;;;;;;;;
b58aaefa-cc13-43c9-bee7-691ec68a5949;B;2025-05-20T22:19:27.693616;Prefer not to say;Non-binary;Medical Student (Pre-clinical);;No;;Yes;;3;3;3;3;;;1-3 times per month;;;3;;;;;;;;;;;;;;;;;;;;;;;;;;
bd4f4e0f-b558-4acf-b030-20fa4e9920f2;A;2025-05-22T13:11:44.214947;Prefer not to say;Prefer not to say;Medical Student (Pre-clinical);;No;;Yes;;3;3;3;3;;;1-3 times per month;;;3;;;;;;;;;;;;;;;;;;;;;;;;;;
c18df2da-4650-44a0-b876-82efe7555735;B;2025-05-25T17:55:20.875795;Prefer not to say;Prefer not to say;Medical Student (Pre-clinical);;No;;Yes;;3;3;3;3;;;1-3 times per month;;;3;;;;;;;;;;;;;;;;;;;;;;;;;;
c213d388-7aa0-4b48-9df0-7121469b45c8;A;2025-05-27T15:40:57.837877;Prefer not to say;Female;Medical Student (Pre-clinical);;No;0.0;Yes;;3;4;4;4;;;1-3 times per month;;;3;;1.0;completed;27.595366;2025-05-27T15:41:54.420491;2025-05-27T15:41:26.825104;2025-05-27T15:41:54.420481;;;1.0;2025-05-27T15:41:26.825104;2025-05-27T15:41:54.420481;test;1.0;1.0;1.0;1.0;1.0;1.0;1.0;;;;;;
c213d388-7aa0-4b48-9df0-7121469b45c8;A;2025-05-27T15:40:57.837877;Prefer not to say;Female;Medical Student (Pre-clinical);;No;0.0;Yes;;3;4;4;4;;;1-3 times per month;;;3;;1.0;;;2025-05-27T15:41:54.429335;;;;;1.0;;;;;;;;;;;HuggingFaceEndpoint;27.604176;A;HuggingFaceEndpoint;TASK_COMPLETION;{'timestamp': '2025-05-27T15:41:54.420491', 'user_id': 'c213d388-7aa0-4b48-9df0-7121469b45c8', 'task_number': 1, 'difficulty': 1, 'mental_demand': 1, 'frustration': 1, 'accuracy': 1, 'task_accomplishment': 1, 'expectation_match': 1, 'clinical_usefulness': 1, 'medical_inaccuracies': 'test', 'task_duration': 27.604176, 'start_time': '2025-05-27T15:41:26.825104', 'end_time': '2025-05-27T15:41:54.429292', 'prompt_count': 1}
c213d388-7aa0-4b48-9df0-7121469b45c8;A;2025-05-27T15:40:57.837877;Prefer not to say;Female;Medical Student (Pre-clinical);;No;0.0;Yes;;3;4;4;4;;;1-3 times per month;;;3;;2.0;started;;2025-05-27T15:41:57.180885;2025-05-27T15:41:57.180885;;;;;;;;;;;;;;;;;;;;
c3372216-5707-4c4a-8efe-2d01b6a37542;A;2025-05-26T18:45:20.412402;Prefer not to say;Female;Medical Student (Pre-clinical);;No;0.0;Yes;;3;3;3;3;;;1-3 times per month;;;3;;1.0;completed;3044.99641;2025-05-26T19:36:12.061972;2025-05-26T18:45:27.065522;2025-05-26T19:36:12.061951;;;1.0;2025-05-26T18:45:27.065522;2025-05-26T19:36:12.061951;;3.0;3.0;3.0;3.0;3.0;3.0;3.0;;;;;;
c3372216-5707-4c4a-8efe-2d01b6a37542;A;2025-05-26T18:45:20.412402;Prefer not to say;Female;Medical Student (Pre-clinical);;No;0.0;Yes;;3;3;3;3;;;1-3 times per month;;;3;;1.0;;;2025-05-26T19:36:12.078121;;;;;1.0;;;;;;;;;;;llama3-med42-8b;3045.012565;A;Ollama;TASK_COMPLETION;{'timestamp': '2025-05-26T19:36:12.061972', 'user_id': 'c3372216-5707-4c4a-8efe-2d01b6a37542', 'task_number': 1, 'difficulty': 3, 'mental_demand': 3, 'frustration': 3, 'accuracy': 3, 'task_accomplishment': 3, 'expectation_match': 3, 'clinical_usefulness': 3, 'medical_inaccuracies': '', 'task_duration': 3045.012565, 'start_time': '2025-05-26T18:45:27.065522', 'end_time': '2025-05-26T19:36:12.078104', 'prompt_count': 1}
c3372216-5707-4c4a-8efe-2d01b6a37542;A;2025-05-26T18:45:20.412402;Prefer not to say;Female;Medical Student (Pre-clinical);;No;0.0;Yes;;3;3;3;3;;;1-3 times per month;;;3;;2.0;completed;11.7609;2025-05-26T19:36:28.746859;2025-05-26T19:36:16.985918;2025-05-26T19:36:28.746837;;;1.0;2025-05-26T19:36:16.985918;2025-05-26T19:36:28.746837;;3.0;3.0;3.0;3.0;3.0;3.0;3.0;;;;;;
c3372216-5707-4c4a-8efe-2d01b6a37542;A;2025-05-26T18:45:20.412402;Prefer not to say;Female;Medical Student (Pre-clinical);;No;0.0;Yes;;3;3;3;3;;;1-3 times per month;;;3;;2.0;;;2025-05-26T19:36:28.759524;;;;;1.0;;;;;;;;;;;llama3-med42-8b;11.773585;A;Ollama;TASK_COMPLETION;{'timestamp': '2025-05-26T19:36:28.746859', 'user_id': 'c3372216-5707-4c4a-8efe-2d01b6a37542', 'task_number': 2, 'difficulty': 3, 'mental_demand': 3, 'frustration': 3, 'accuracy': 3, 'task_accomplishment': 3, 'expectation_match': 3, 'clinical_usefulness': 3, 'medical_inaccuracies': '', 'task_duration': 11.773585, 'start_time': '2025-05-26T19:36:16.985918', 'end_time': '2025-05-26T19:36:28.759512', 'prompt_count': 1}
c3372216-5707-4c4a-8efe-2d01b6a37542;A;2025-05-26T18:45:20.412402;Prefer not to say;Female;Medical Student (Pre-clinical);;No;0.0;Yes;;3;3;3;3;;;1-3 times per month;;;3;;3.0;started;;2025-05-26T19:36:32.162659;2025-05-26T19:36:32.162659;;;;;;;;;;;;;;;;;;;;
c46b3b89-00d0-4d7b-a09e-86550dbf9299;A;2025-05-26T18:35:22.091651;Prefer not to say;Non-binary;Specialist;;Yes;0.0;Yes;;3;3;3;3;;;1-3 times per month;;;2;;1.0;completed;84.342027;2025-05-26T18:36:52.639754;2025-05-26T18:35:28.297705;2025-05-26T18:36:52.639742;;;1.0;2025-05-26T18:35:28.297705;2025-05-26T18:36:52.639742;;3.0;3.0;3.0;3.0;3.0;3.0;3.0;;;;;;
c46b3b89-00d0-4d7b-a09e-86550dbf9299;A;2025-05-26T18:35:22.091651;Prefer not to say;Non-binary;Specialist;;Yes;0.0;Yes;;3;3;3;3;;;1-3 times per month;;;2;;1.0;;;2025-05-26T18:36:52.649892;;;;;1.0;;;;;;;;;;;llama3-med42-8b;84.352172;A;Ollama;TASK_COMPLETION;{'timestamp': '2025-05-26T18:36:52.639754', 'user_id': 'c46b3b89-00d0-4d7b-a09e-86550dbf9299', 'task_number': 1, 'difficulty': 3, 'mental_demand': 3, 'frustration': 3, 'accuracy': 3, 'task_accomplishment': 3, 'expectation_match': 3, 'clinical_usefulness': 3, 'medical_inaccuracies': '', 'task_duration': 84.352172, 'start_time': '2025-05-26T18:35:28.297705', 'end_time': '2025-05-26T18:36:52.649884', 'prompt_count': 1}
c46b3b89-00d0-4d7b-a09e-86550dbf9299;A;2025-05-26T18:35:22.091651;Prefer not to say;Non-binary;Specialist;;Yes;0.0;Yes;;3;3;3;3;;;1-3 times per month;;;2;;2.0;completed;57.589818;2025-05-26T18:37:54.358883;2025-05-26T18:36:56.769025;2025-05-26T18:37:54.358861;;;1.0;2025-05-26T18:36:56.769025;2025-05-26T18:37:54.358861;;3.0;3.0;3.0;3.0;3.0;3.0;3.0;;;;;;
c46b3b89-00d0-4d7b-a09e-86550dbf9299;A;2025-05-26T18:35:22.091651;Prefer not to say;Non-binary;Specialist;;Yes;0.0;Yes;;3;3;3;3;;;1-3 times per month;;;2;;2.0;;;2025-05-26T18:37:54.373984;;;;;1.0;;;;;;;;;;;llama3-med42-8b;57.604927;A;Ollama;TASK_COMPLETION;{'timestamp': '2025-05-26T18:37:54.358883', 'user_id': 'c46b3b89-00d0-4d7b-a09e-86550dbf9299', 'task_number': 2, 'difficulty': 3, 'mental_demand': 3, 'frustration': 3, 'accuracy': 3, 'task_accomplishment': 3, 'expectation_match': 3, 'clinical_usefulness': 3, 'medical_inaccuracies': '', 'task_duration': 57.604927, 'start_time': '2025-05-26T18:36:56.769025', 'end_time': '2025-05-26T18:37:54.373969', 'prompt_count': 1}
c46b3b89-00d0-4d7b-a09e-86550dbf9299;A;2025-05-26T18:35:22.091651;Prefer not to say;Non-binary;Specialist;;Yes;0.0;Yes;;3;3;3;3;;;1-3 times per month;;;2;;3.0;completed;24.259869;2025-05-26T18:38:22.033185;2025-05-26T18:37:57.773276;2025-05-26T18:38:22.033165;;;1.0;2025-05-26T18:37:57.773276;2025-05-26T18:38:22.033165;;3.0;3.0;3.0;3.0;3.0;3.0;3.0;;;;;;
c46b3b89-00d0-4d7b-a09e-86550dbf9299;A;2025-05-26T18:35:22.091651;Prefer not to say;Non-binary;Specialist;;Yes;0.0;Yes;;3;3;3;3;;;1-3 times per month;;;2;;3.0;;;2025-05-26T18:38:22.040791;;;;;1.0;;;;;;;;;;;llama3-med42-8b;24.267496;A;Ollama;TASK_COMPLETION;{'timestamp': '2025-05-26T18:38:22.033185', 'user_id': 'c46b3b89-00d0-4d7b-a09e-86550dbf9299', 'task_number': 3, 'difficulty': 3, 'mental_demand': 3, 'frustration': 3, 'accuracy': 3, 'task_accomplishment': 3, 'expectation_match': 3, 'clinical_usefulness': 3, 'medical_inaccuracies': '', 'task_duration': 24.267496, 'start_time': '2025-05-26T18:37:57.773276', 'end_time': '2025-05-26T18:38:22.040779', 'prompt_count': 1}
c5040130-92e4-4d27-af5a-71f1b11f00aa;A;2025-05-29T13:37:20.560589;Prefer not to say;Prefer not to say;Medical Student (Pre-clinical);;No;0.0;Yes;;3;3;3;3;;;1-3 times per month;;;3;;1.0;started;;2025-05-29T13:37:25.979825;2025-05-29T13:37:25.979825;;;;;;;;;;;;;;;;;;;;
c6e7a382-292d-46b1-8f90-b3def528de28;B;2025-05-21T09:41:14.716734;Prefer not to say;Non-binary;Medical Student (Pre-clinical);;No;;Yes;;3;3;3;3;;;1-3 times per month;;;3;;;;;;;;;;;;;;;;;;;;;;;;;;
c94351d5-2cbe-466a-9f32-fc886501b959;A;2025-05-21T09:29:17.733148;Prefer not to say;Female;Medical Student (Pre-clinical);;No;;Yes;;3;3;3;3;;;1-3 times per month;;;3;;;;;;;;;;;;;;;;;;;;;;;;;;
ca240a20-d819-4751-8a4e-fcc619392749;B;2025-05-26T18:16:15.266776;Prefer not to say;Prefer not to say;Medical Student (Pre-clinical);;No;0.0;Yes;;3;3;3;3;;;1-3 times per month;;;3;;1.0;completed;100.468128;2025-05-26T18:18:40.648979;2025-05-26T18:17:00.180816;2025-05-26T18:18:40.648962;;;1.0;2025-05-26T18:17:00.180816;2025-05-26T18:18:40.648962;;3.0;3.0;3.0;3.0;3.0;3.0;3.0;;;;;;
ca240a20-d819-4751-8a4e-fcc619392749;B;2025-05-26T18:16:15.266776;Prefer not to say;Prefer not to say;Medical Student (Pre-clinical);;No;0.0;Yes;;3;3;3;3;;;1-3 times per month;;;3;;1.0;;;2025-05-26T18:18:40.660803;;;;;1.0;;;;;;;;;;;llama3-med42-8b;100.479975;B;Ollama;TASK_COMPLETION;{'timestamp': '2025-05-26T18:18:40.648979', 'user_id': 'ca240a20-d819-4751-8a4e-fcc619392749', 'task_number': 1, 'difficulty': 3, 'mental_demand': 3, 'frustration': 3, 'accuracy': 3, 'task_accomplishment': 3, 'expectation_match': 3, 'clinical_usefulness': 3, 'medical_inaccuracies': '', 'task_duration': 100.479975, 'start_time': '2025-05-26T18:17:00.180816', 'end_time': '2025-05-26T18:18:40.660796', 'prompt_count': 1}
ca240a20-d819-4751-8a4e-fcc619392749;B;2025-05-26T18:16:15.266776;Prefer not to say;Prefer not to say;Medical Student (Pre-clinical);;No;0.0;Yes;;3;3;3;3;;;1-3 times per month;;;3;;2.0;completed;52.474245;2025-05-26T18:19:37.131959;2025-05-26T18:18:44.657673;2025-05-26T18:19:37.131937;;;1.0;2025-05-26T18:18:44.657673;2025-05-26T18:19:37.131937;;3.0;3.0;3.0;3.0;3.0;3.0;3.0;;;;;;
ca240a20-d819-4751-8a4e-fcc619392749;B;2025-05-26T18:16:15.266776;Prefer not to say;Prefer not to say;Medical Student (Pre-clinical);;No;0.0;Yes;;3;3;3;3;;;1-3 times per month;;;3;;2.0;;;2025-05-26T18:19:37.149954;;;;;1.0;;;;;;;;;;;llama3-med42-8b;52.492253;B;Ollama;TASK_COMPLETION;{'timestamp': '2025-05-26T18:19:37.131959', 'user_id': 'ca240a20-d819-4751-8a4e-fcc619392749', 'task_number': 2, 'difficulty': 3, 'mental_demand': 3, 'frustration': 3, 'accuracy': 3, 'task_accomplishment': 3, 'expectation_match': 3, 'clinical_usefulness': 3, 'medical_inaccuracies': '', 'task_duration': 52.492253, 'start_time': '2025-05-26T18:18:44.657673', 'end_time': '2025-05-26T18:19:37.149939', 'prompt_count': 1}
ca240a20-d819-4751-8a4e-fcc619392749;B;2025-05-26T18:16:15.266776;Prefer not to say;Prefer not to say;Medical Student (Pre-clinical);;No;0.0;Yes;;3;3;3;3;;;1-3 times per month;;;3;;3.0;started;;2025-05-26T18:19:42.414063;2025-05-26T18:19:42.414063;;;;;;;;;;;;;;;;;;;;
ce44f71a-a638-4614-8e45-d4750ad56c30;B;2025-05-27T09:09:11.776657;Prefer not to say;Female;Medical Student (Pre-clinical);;No;0.0;Yes;;3;3;3;3;;;1-3 times per month;;;3;;1.0;completed;185.759986;2025-05-27T09:12:23.352929;2025-05-27T09:09:17.592905;2025-05-27T09:12:23.352908;;;1.0;2025-05-27T09:09:17.592905;2025-05-27T09:12:23.352908;;3.0;3.0;3.0;3.0;3.0;3.0;3.0;;;;;;
ce44f71a-a638-4614-8e45-d4750ad56c30;B;2025-05-27T09:09:11.776657;Prefer not to say;Female;Medical Student (Pre-clinical);;No;0.0;Yes;;3;3;3;3;;;1-3 times per month;;;3;;1.0;;;2025-05-27T09:12:23.368287;;;;;1.0;;;;;;;;;;;HuggingFaceEndpoint;185.775363;B;HuggingFaceEndpoint;TASK_COMPLETION;{'timestamp': '2025-05-27T09:12:23.352929', 'user_id': 'ce44f71a-a638-4614-8e45-d4750ad56c30', 'task_number': 1, 'difficulty': 3, 'mental_demand': 3, 'frustration': 3, 'accuracy': 3, 'task_accomplishment': 3, 'expectation_match': 3, 'clinical_usefulness': 3, 'medical_inaccuracies': '', 'task_duration': 185.775363, 'start_time': '2025-05-27T09:09:17.592905', 'end_time': '2025-05-27T09:12:23.368276', 'prompt_count': 1}
ce44f71a-a638-4614-8e45-d4750ad56c30;B;2025-05-27T09:09:11.776657;Prefer not to say;Female;Medical Student (Pre-clinical);;No;0.0;Yes;;3;3;3;3;;;1-3 times per month;;;3;;2.0;started;;2025-05-27T09:12:32.530904;2025-05-27T09:12:32.530904;;;;;;;;;;;;;;;;;;;;
d175436b-3432-4672-942c-e7ba8263feb8;B;2025-05-28T14:12:35.240362;Prefer not to say;Prefer not to say;Other;;No;0.0;Yes;;3;3;3;3;;;1-3 times per month;;;3;;1.0;started;;2025-05-28T14:12:42.161367;2025-05-28T14:12:42.161367;;;;;;;;;;;;;;;;;;;;
d1e89ace-4a6a-4974-b998-944a5a1e2fbd;A;2025-05-26T21:10:20.481128;Prefer not to say;Male;Specialist;;No;0.0;Yes;;3;5;3;2;;;1-3 times per month;;;3;;1.0;completed;13.821003;2025-05-26T21:10:40.423652;2025-05-26T21:10:26.602600;2025-05-26T21:10:40.423621;;;1.0;2025-05-26T21:10:26.602600;2025-05-26T21:10:40.423621;;3.0;3.0;3.0;3.0;3.0;3.0;3.0;;;;;;
d1e89ace-4a6a-4974-b998-944a5a1e2fbd;A;2025-05-26T21:10:20.481128;Prefer not to say;Male;Specialist;;No;0.0;Yes;;3;5;3;2;;;1-3 times per month;;;3;;1.0;;;2025-05-26T21:10:40.441800;;;;;1.0;;;;;;;;;;;llama3-med42-8b;13.839174;A;Ollama;TASK_COMPLETION;{'timestamp': '2025-05-26T21:10:40.423652', 'user_id': 'd1e89ace-4a6a-4974-b998-944a5a1e2fbd', 'task_number': 1, 'difficulty': 3, 'mental_demand': 3, 'frustration': 3, 'accuracy': 3, 'task_accomplishment': 3, 'expectation_match': 3, 'clinical_usefulness': 3, 'medical_inaccuracies': '', 'task_duration': 13.839174, 'start_time': '2025-05-26T21:10:26.602600', 'end_time': '2025-05-26T21:10:40.441786', 'prompt_count': 1}
d558eb9b-df76-4c27-a939-e3a24517772f;B;2025-05-20T22:32:22.440309;Prefer not to say;Non-binary;Medical Student (Pre-clinical);;No;;Yes;;3;3;3;3;;;1-3 times per month;;;3;;;;;;;;;;;;;;;;;;;;;;;;;;
d5f3422e-a327-496b-83b0-cbe04c03fcef;B;2025-05-27T15:47:48.212764;Prefer not to say;Non-binary;Medical Student (Pre-clinical);;No;0.0;Yes;;3;3;3;3;;;1-3 times per month;;;3;;;;;;;;;;;;;;;;;;;;;;;;;;
d85d72bb-5773-4cd8-9d5f-0acfd7183311;A;2025-05-26T17:37:25.515967;Prefer not to say;Female;Other;;Yes;1.0;Yes;;3;3;3;3;;;1-3 times per month;;;3;;1.0;completed;35.405616;2025-05-26T17:39:34.378206;2025-05-26T17:38:58.972544;2025-05-26T17:39:34.378183;;;1.0;2025-05-26T17:38:58.972544;2025-05-26T17:39:34.378183;;3.0;3.0;3.0;3.0;3.0;3.0;3.0;;;;;;
d85d72bb-5773-4cd8-9d5f-0acfd7183311;A;2025-05-26T17:37:25.515967;Prefer not to say;Female;Other;;Yes;1.0;Yes;;3;3;3;3;;;1-3 times per month;;;3;;1.0;;;2025-05-26T17:39:34.393643;;;;;1.0;;;;;;;;;;;llama3-med42-8b;35.421038;A;Ollama;TASK_COMPLETION;{'timestamp': '2025-05-26T17:39:34.378206', 'user_id': 'd85d72bb-5773-4cd8-9d5f-0acfd7183311', 'task_number': 1, 'difficulty': 3, 'mental_demand': 3, 'frustration': 3, 'accuracy': 3, 'task_accomplishment': 3, 'expectation_match': 3, 'clinical_usefulness': 3, 'medical_inaccuracies': '', 'task_duration': 35.421038, 'start_time': '2025-05-26T17:38:58.972544', 'end_time': '2025-05-26T17:39:34.393601', 'prompt_count': 1}
d85d72bb-5773-4cd8-9d5f-0acfd7183311;A;2025-05-26T17:37:25.515967;Prefer not to say;Female;Other;;Yes;1.0;Yes;;3;3;3;3;;;1-3 times per month;;;3;;2.0;started;;2025-05-26T17:39:39.593835;2025-05-26T17:39:39.593835;;;;;;;;;;;;;;;;;;;;
d9067709-a58f-4074-9ad2-b1c3e1c87572;B;2025-05-26T18:38:58.590480;Prefer not to say;Prefer not to say;Medical Student (Pre-clinical);;No;0.0;Yes;;3;3;3;3;;;1-3 times per month;;;3;;1.0;completed;20.998396;2025-05-26T18:39:26.430707;2025-05-26T18:39:05.432269;2025-05-26T18:39:26.430686;;;1.0;2025-05-26T18:39:05.432269;2025-05-26T18:39:26.430686;;3.0;3.0;3.0;3.0;3.0;3.0;3.0;;;;;;
d9067709-a58f-4074-9ad2-b1c3e1c87572;B;2025-05-26T18:38:58.590480;Prefer not to say;Prefer not to say;Medical Student (Pre-clinical);;No;0.0;Yes;;3;3;3;3;;;1-3 times per month;;;3;;1.0;;;2025-05-26T18:39:26.446619;;;;;1.0;;;;;;;;;;;llama3-med42-8b;21.014266;B;Ollama;TASK_COMPLETION;{'timestamp': '2025-05-26T18:39:26.430707', 'user_id': 'd9067709-a58f-4074-9ad2-b1c3e1c87572', 'task_number': 1, 'difficulty': 3, 'mental_demand': 3, 'frustration': 3, 'accuracy': 3, 'task_accomplishment': 3, 'expectation_match': 3, 'clinical_usefulness': 3, 'medical_inaccuracies': '', 'task_duration': 21.014266, 'start_time': '2025-05-26T18:39:05.432269', 'end_time': '2025-05-26T18:39:26.446547', 'prompt_count': 1}
d9067709-a58f-4074-9ad2-b1c3e1c87572;B;2025-05-26T18:38:58.590480;Prefer not to say;Prefer not to say;Medical Student (Pre-clinical);;No;0.0;Yes;;3;3;3;3;;;1-3 times per month;;;3;;2.0;completed;18.072897;2025-05-26T18:39:48.153504;2025-05-26T18:39:30.080570;2025-05-26T18:39:48.153486;;;1.0;2025-05-26T18:39:30.080570;2025-05-26T18:39:48.153486;;3.0;3.0;3.0;3.0;3.0;3.0;3.0;;;;;;
d9067709-a58f-4074-9ad2-b1c3e1c87572;B;2025-05-26T18:38:58.590480;Prefer not to say;Prefer not to say;Medical Student (Pre-clinical);;No;0.0;Yes;;3;3;3;3;;;1-3 times per month;;;3;;2.0;;;2025-05-26T18:39:48.167872;;;;;1.0;;;;;;;;;;;llama3-med42-8b;18.087279;B;Ollama;TASK_COMPLETION;{'timestamp': '2025-05-26T18:39:48.153504', 'user_id': 'd9067709-a58f-4074-9ad2-b1c3e1c87572', 'task_number': 2, 'difficulty': 3, 'mental_demand': 3, 'frustration': 3, 'accuracy': 3, 'task_accomplishment': 3, 'expectation_match': 3, 'clinical_usefulness': 3, 'medical_inaccuracies': '', 'task_duration': 18.087279, 'start_time': '2025-05-26T18:39:30.080570', 'end_time': '2025-05-26T18:39:48.167860', 'prompt_count': 1}
d9067709-a58f-4074-9ad2-b1c3e1c87572;B;2025-05-26T18:38:58.590480;Prefer not to say;Prefer not to say;Medical Student (Pre-clinical);;No;0.0;Yes;;3;3;3;3;;;1-3 times per month;;;3;;3.0;started;;2025-05-26T18:39:52.825097;2025-05-26T18:39:52.825097;;;;;;;;;;;;;;;;;;;;
dad9ebb8-5fe2-4a8e-99f7-88b373ece9d0;A;2025-05-26T21:16:14.118238;Prefer not to say;Non-binary;Medical Student (Pre-clinical);;No;0.0;Yes;;2;3;3;3;;;1-3 times per month;;;3;;1.0;started;;2025-05-26T21:16:19.792724;2025-05-26T21:16:19.792724;;;;;;;;;;;;;;;;;;;;
dd79c021-c598-46c9-8a68-6e1b588425f4;B;2025-05-28T16:57:16.555920;Prefer not to say;Prefer not to say;Other;;No;0.0;Yes;;3;3;3;3;;;1-3 times per month;;;3;;;;;;;;;;;;;;;;;;;;;;;;;;
e0af3d42-3cb3-4186-bf7c-f528cc293e0e;A;2025-05-25T17:15:59.943941;Prefer not to say;Female;Medical Student (Pre-clinical);;No;;Yes;;3;3;3;3;;;1-3 times per month;;;3;;1.0;completed;0.0;2025-05-25T17:18:01.336350;2025-05-25T17:16:22.340049;2025-05-25T17:18:01.340049;3.0;;1.0;2025-05-25T17:16:22.340049;2025-05-25T17:18:01.340049;;3.0;3.0;3.0;3.0;3.0;3.0;3.0;;;;;;
e0af3d42-3cb3-4186-bf7c-f528cc293e0e;A;2025-05-25T17:15:59.943941;Prefer not to say;Female;Medical Student (Pre-clinical);;No;;Yes;;3;3;3;3;;;1-3 times per month;;;3;;2.0;completed;0.0;2025-05-25T17:18:20.200868;2025-05-25T17:18:01.204766;2025-05-25T17:18:20.204766;3.0;;1.0;2025-05-25T17:18:01.204766;2025-05-25T17:18:20.204766;;3.0;3.0;3.0;3.0;3.0;3.0;3.0;;;;;;
e0af3d42-3cb3-4186-bf7c-f528cc293e0e;A;2025-05-25T17:15:59.943941;Prefer not to say;Female;Medical Student (Pre-clinical);;No;;Yes;;3;3;3;3;;;1-3 times per month;;;3;;3.0;completed;0.0;2025-05-25T17:18:54.022012;2025-05-25T17:18:20.026469;2025-05-25T17:18:54.026469;3.0;;2.0;2025-05-25T17:18:20.026469;2025-05-25T17:18:54.026469;;3.0;3.0;3.0;3.0;3.0;3.0;3.0;;;;;;
e4e4095e-4c6e-4be0-8e01-a0135832b58d;B;2025-05-26T21:03:45.871740;Prefer not to say;Female;Medical Student (Pre-clinical);;No;0.0;Yes;;3;3;3;3;;;1-3 times per month;;;3;;1.0;completed;55.864912;2025-05-26T21:05:26.221484;2025-05-26T21:04:30.356528;2025-05-26T21:05:26.221463;;;1.0;2025-05-26T21:04:30.356528;2025-05-26T21:05:26.221463;;3.0;3.0;3.0;3.0;3.0;3.0;3.0;;;;;;
e4e4095e-4c6e-4be0-8e01-a0135832b58d;B;2025-05-26T21:03:45.871740;Prefer not to say;Female;Medical Student (Pre-clinical);;No;0.0;Yes;;3;3;3;3;;;1-3 times per month;;;3;;1.0;;;2025-05-26T21:05:26.240816;;;;;1.0;;;;;;;;;;;llama3-med42-8b;55.884263;B;Ollama;TASK_COMPLETION;{'timestamp': '2025-05-26T21:05:26.221484', 'user_id': 'e4e4095e-4c6e-4be0-8e01-a0135832b58d', 'task_number': 1, 'difficulty': 3, 'mental_demand': 3, 'frustration': 3, 'accuracy': 3, 'task_accomplishment': 3, 'expectation_match': 3, 'clinical_usefulness': 3, 'medical_inaccuracies': '', 'task_duration': 55.884263, 'start_time': '2025-05-26T21:04:30.356528', 'end_time': '2025-05-26T21:05:26.240801', 'prompt_count': 1}
e4e4095e-4c6e-4be0-8e01-a0135832b58d;B;2025-05-26T21:03:45.871740;Prefer not to say;Female;Medical Student (Pre-clinical);;No;0.0;Yes;;3;3;3;3;;;1-3 times per month;;;3;;2.0;completed;22.261248;2025-05-26T21:05:51.624224;2025-05-26T21:05:29.362938;2025-05-26T21:05:51.624204;;;1.0;2025-05-26T21:05:29.362938;2025-05-26T21:05:51.624204;;3.0;3.0;3.0;3.0;3.0;3.0;3.0;;;;;;
e4e4095e-4c6e-4be0-8e01-a0135832b58d;B;2025-05-26T21:03:45.871740;Prefer not to say;Female;Medical Student (Pre-clinical);;No;0.0;Yes;;3;3;3;3;;;1-3 times per month;;;3;;2.0;;;2025-05-26T21:05:51.641126;;;;;1.0;;;;;;;;;;;llama3-med42-8b;22.27816;B;Ollama;TASK_COMPLETION;{'timestamp': '2025-05-26T21:05:51.624224', 'user_id': 'e4e4095e-4c6e-4be0-8e01-a0135832b58d', 'task_number': 2, 'difficulty': 3, 'mental_demand': 3, 'frustration': 3, 'accuracy': 3, 'task_accomplishment': 3, 'expectation_match': 3, 'clinical_usefulness': 3, 'medical_inaccuracies': '', 'task_duration': 22.27816, 'start_time': '2025-05-26T21:05:29.362938', 'end_time': '2025-05-26T21:05:51.641110', 'prompt_count': 1}
e4e4095e-4c6e-4be0-8e01-a0135832b58d;B;2025-05-26T21:03:45.871740;Prefer not to say;Female;Medical Student (Pre-clinical);;No;0.0;Yes;;3;3;3;3;;;1-3 times per month;;;3;;3.0;completed;35.90854;2025-05-26T21:07:00.822691;2025-05-26T21:06:24.914118;2025-05-26T21:07:00.822669;;;1.0;2025-05-26T21:06:24.914118;2025-05-26T21:07:00.822669;;3.0;3.0;3.0;3.0;3.0;3.0;3.0;;;;;;
e4e4095e-4c6e-4be0-8e01-a0135832b58d;B;2025-05-26T21:03:45.871740;Prefer not to say;Female;Medical Student (Pre-clinical);;No;0.0;Yes;;3;3;3;3;;;1-3 times per month;;;3;;3.0;;;2025-05-26T21:07:00.835842;;;;;1.0;;;;;;;;;;;llama3-med42-8b;35.921692;B;Ollama;TASK_COMPLETION;{'timestamp': '2025-05-26T21:07:00.822691', 'user_id': 'e4e4095e-4c6e-4be0-8e01-a0135832b58d', 'task_number': 3, 'difficulty': 3, 'mental_demand': 3, 'frustration': 3, 'accuracy': 3, 'task_accomplishment': 3, 'expectation_match': 3, 'clinical_usefulness': 3, 'medical_inaccuracies': '', 'task_duration': 35.921692, 'start_time': '2025-05-26T21:06:24.914118', 'end_time': '2025-05-26T21:07:00.835824', 'prompt_count': 1}
eaf2d5e9-bf67-4177-b72b-51f487837629;B;2025-05-26T20:54:13.550935;Prefer not to say;Female;Medical Student (Pre-clinical);;No;0.0;Yes;;3;3;3;3;;;1-3 times per month;;;3;;1.0;completed;25.706837;2025-05-26T20:54:45.696431;2025-05-26T20:54:19.989557;2025-05-26T20:54:45.696407;;;1.0;2025-05-26T20:54:19.989557;2025-05-26T20:54:45.696407;;3.0;3.0;3.0;3.0;3.0;3.0;3.0;;;;;;
eaf2d5e9-bf67-4177-b72b-51f487837629;B;2025-05-26T20:54:13.550935;Prefer not to say;Female;Medical Student (Pre-clinical);;No;0.0;Yes;;3;3;3;3;;;1-3 times per month;;;3;;1.0;;;2025-05-26T20:54:45.710617;;;;;1.0;;;;;;;;;;;llama3-med42-8b;25.721036;B;Ollama;TASK_COMPLETION;{'timestamp': '2025-05-26T20:54:45.696431', 'user_id': 'eaf2d5e9-bf67-4177-b72b-51f487837629', 'task_number': 1, 'difficulty': 3, 'mental_demand': 3, 'frustration': 3, 'accuracy': 3, 'task_accomplishment': 3, 'expectation_match': 3, 'clinical_usefulness': 3, 'medical_inaccuracies': '', 'task_duration': 25.721036, 'start_time': '2025-05-26T20:54:19.989557', 'end_time': '2025-05-26T20:54:45.710603', 'prompt_count': 1}
eaf2d5e9-bf67-4177-b72b-51f487837629;B;2025-05-26T20:54:13.550935;Prefer not to say;Female;Medical Student (Pre-clinical);;No;0.0;Yes;;3;3;3;3;;;1-3 times per month;;;3;;2.0;completed;14.421609;2025-05-26T20:55:03.437065;2025-05-26T20:54:49.015418;2025-05-26T20:55:03.437045;;;1.0;2025-05-26T20:54:49.015418;2025-05-26T20:55:03.437045;;3.0;3.0;3.0;3.0;3.0;3.0;3.0;;;;;;
eaf2d5e9-bf67-4177-b72b-51f487837629;B;2025-05-26T20:54:13.550935;Prefer not to say;Female;Medical Student (Pre-clinical);;No;0.0;Yes;;3;3;3;3;;;1-3 times per month;;;3;;2.0;;;2025-05-26T20:55:03.449558;;;;;1.0;;;;;;;;;;;llama3-med42-8b;14.43412;B;Ollama;TASK_COMPLETION;{'timestamp': '2025-05-26T20:55:03.437065', 'user_id': 'eaf2d5e9-bf67-4177-b72b-51f487837629', 'task_number': 2, 'difficulty': 3, 'mental_demand': 3, 'frustration': 3, 'accuracy': 3, 'task_accomplishment': 3, 'expectation_match': 3, 'clinical_usefulness': 3, 'medical_inaccuracies': '', 'task_duration': 14.43412, 'start_time': '2025-05-26T20:54:49.015418', 'end_time': '2025-05-26T20:55:03.449547', 'prompt_count': 1}
eaf2d5e9-bf67-4177-b72b-51f487837629;B;2025-05-26T20:54:13.550935;Prefer not to say;Female;Medical Student (Pre-clinical);;No;0.0;Yes;;3;3;3;3;;;1-3 times per month;;;3;;3.0;started;;2025-05-26T20:55:29.631392;2025-05-26T20:55:29.631392;;;;;;;;;;;;;;;;;;;;
ec19b2a4-9e2e-4254-9fb7-1d955c38e60e;A;2025-05-26T11:13:21.367476;19;Male;Specialist;;Yes;1.0;Yes;;2;4;1;2;;;1-6 times per week;;;4;;1.0;completed;86.080008;2025-05-26T11:14:55.351146;2025-05-26T11:13:29.271119;2025-05-26T11:14:55.351136;;;2.0;2025-05-26T11:13:29.271119;2025-05-26T11:14:55.351136;hi this was task 1;;4.0;;;;;;;;;;;
ec19b2a4-9e2e-4254-9fb7-1d955c38e60e;A;2025-05-26T11:13:21.367476;19;Male;Specialist;;Yes;1.0;Yes;;2;4;1;2;;;1-6 times per week;;;4;;1.0;completed;86.089641;2025-05-26T11:14:55.351146;2025-05-26T11:13:29.271119;2025-05-26T11:14:55.360767;4.0;hi this was task 1;2.0;2025-05-26T11:13:29.271119;2025-05-26T11:14:55.360767;;;;;;;;;;;;;;
ec19b2a4-9e2e-4254-9fb7-1d955c38e60e;A;2025-05-26T11:13:21.367476;19;Male;Specialist;;Yes;1.0;Yes;;2;4;1;2;;;1-6 times per week;;;4;;2.0;completed;27.393609;2025-05-26T11:15:26.437077;2025-05-26T11:14:59.043450;2025-05-26T11:15:26.437068;;;1.0;2025-05-26T11:14:59.043450;2025-05-26T11:15:26.437068;task 2;;3.0;;;;;;;;;;;
ec19b2a4-9e2e-4254-9fb7-1d955c38e60e;A;2025-05-26T11:13:21.367476;19;Male;Specialist;;Yes;1.0;Yes;;2;4;1;2;;;1-6 times per week;;;4;;2.0;completed;27.39956;2025-05-26T11:15:26.437077;2025-05-26T11:14:59.043450;2025-05-26T11:15:26.443015;3.0;task 2;1.0;2025-05-26T11:14:59.043450;2025-05-26T11:15:26.443015;;;;;;;;;;;;;;
ec19b2a4-9e2e-4254-9fb7-1d955c38e60e;A;2025-05-26T11:13:21.367476;19;Male;Specialist;;Yes;1.0;Yes;;2;4;1;2;;;1-6 times per week;;;4;;3.0;completed;23.271363;2025-05-26T11:15:53.175816;2025-05-26T11:15:29.904435;2025-05-26T11:15:53.175807;;;1.0;2025-05-26T11:15:29.904435;2025-05-26T11:15:53.175807;"task 3
";;3.0;;;;;;;;;;;
ec19b2a4-9e2e-4254-9fb7-1d955c38e60e;A;2025-05-26T11:13:21.367476;19;Male;Specialist;;Yes;1.0;Yes;;2;4;1;2;;;1-6 times per week;;;4;;3.0;completed;23.277781;2025-05-26T11:15:53.175816;2025-05-26T11:15:29.904435;2025-05-26T11:15:53.182224;3.0;"task 3
";1.0;2025-05-26T11:15:29.904435;2025-05-26T11:15:53.182224;;;;;;;;;;;;;;
ee161ddf-04da-4846-902d-deff5eee7405;A;2025-05-26T15:58:52.242050;Prefer not to say;Non-binary;Specialist;;Yes;1.0;Yes;;2;3;3;2;;;1-3 times per month;;;1;;1.0;started;;2025-05-26T16:00:38.858000;2025-05-26T16:00:38.858000;;;;;;;;;;;;;;;;;;;;
ee6b9b27-d9a4-4313-a258-47bc1ceb2809;A;2025-05-26T20:17:09.513101;Prefer not to say;Female;Medical Student (Pre-clinical);;No;0.0;Yes;;3;3;3;3;;;1-3 times per month;;;3;;1.0;completed;25.451949;2025-05-26T20:17:41.815301;2025-05-26T20:17:16.363306;2025-05-26T20:17:41.815279;;;1.0;2025-05-26T20:17:16.363306;2025-05-26T20:17:41.815279;;3.0;3.0;3.0;3.0;3.0;3.0;3.0;;;;;;
ee6b9b27-d9a4-4313-a258-47bc1ceb2809;A;2025-05-26T20:17:09.513101;Prefer not to say;Female;Medical Student (Pre-clinical);;No;0.0;Yes;;3;3;3;3;;;1-3 times per month;;;3;;1.0;;;2025-05-26T20:17:41.828894;;;;;1.0;;;;;;;;;;;llama3-med42-8b;25.465563;A;Ollama;TASK_COMPLETION;{'timestamp': '2025-05-26T20:17:41.815301', 'user_id': 'ee6b9b27-d9a4-4313-a258-47bc1ceb2809', 'task_number': 1, 'difficulty': 3, 'mental_demand': 3, 'frustration': 3, 'accuracy': 3, 'task_accomplishment': 3, 'expectation_match': 3, 'clinical_usefulness': 3, 'medical_inaccuracies': '', 'task_duration': 25.465563, 'start_time': '2025-05-26T20:17:16.363306', 'end_time': '2025-05-26T20:17:41.828879', 'prompt_count': 1}
ee6b9b27-d9a4-4313-a258-47bc1ceb2809;A;2025-05-26T20:17:09.513101;Prefer not to say;Female;Medical Student (Pre-clinical);;No;0.0;Yes;;3;3;3;3;;;1-3 times per month;;;3;;2.0;completed;17.093822;2025-05-26T20:18:02.595480;2025-05-26T20:17:45.501615;2025-05-26T20:18:02.595459;;;1.0;2025-05-26T20:17:45.501615;2025-05-26T20:18:02.595459;;3.0;3.0;3.0;3.0;3.0;3.0;3.0;;;;;;
ee6b9b27-d9a4-4313-a258-47bc1ceb2809;A;2025-05-26T20:17:09.513101;Prefer not to say;Female;Medical Student (Pre-clinical);;No;0.0;Yes;;3;3;3;3;;;1-3 times per month;;;3;;2.0;;;2025-05-26T20:18:02.609667;;;;;1.0;;;;;;;;;;;llama3-med42-8b;17.108014;A;Ollama;TASK_COMPLETION;{'timestamp': '2025-05-26T20:18:02.595480', 'user_id': 'ee6b9b27-d9a4-4313-a258-47bc1ceb2809', 'task_number': 2, 'difficulty': 3, 'mental_demand': 3, 'frustration': 3, 'accuracy': 3, 'task_accomplishment': 3, 'expectation_match': 3, 'clinical_usefulness': 3, 'medical_inaccuracies': '', 'task_duration': 17.108014, 'start_time': '2025-05-26T20:17:45.501615', 'end_time': '2025-05-26T20:18:02.609643', 'prompt_count': 1}
ee6b9b27-d9a4-4313-a258-47bc1ceb2809;A;2025-05-26T20:17:09.513101;Prefer not to say;Female;Medical Student (Pre-clinical);;No;0.0;Yes;;3;3;3;3;;;1-3 times per month;;;3;;3.0;completed;12.376705;2025-05-26T20:18:17.927104;2025-05-26T20:18:05.550364;2025-05-26T20:18:17.927087;;;1.0;2025-05-26T20:18:05.550364;2025-05-26T20:18:17.927087;;3.0;3.0;3.0;3.0;3.0;3.0;3.0;;;;;;
ee6b9b27-d9a4-4313-a258-47bc1ceb2809;A;2025-05-26T20:17:09.513101;Prefer not to say;Female;Medical Student (Pre-clinical);;No;0.0;Yes;;3;3;3;3;;;1-3 times per month;;;3;;3.0;;;2025-05-26T20:18:17.939613;;;;;1.0;;;;;;;;;;;llama3-med42-8b;12.389222;A;Ollama;TASK_COMPLETION;{'timestamp': '2025-05-26T20:18:17.927104', 'user_id': 'ee6b9b27-d9a4-4313-a258-47bc1ceb2809', 'task_number': 3, 'difficulty': 3, 'mental_demand': 3, 'frustration': 3, 'accuracy': 3, 'task_accomplishment': 3, 'expectation_match': 3, 'clinical_usefulness': 3, 'medical_inaccuracies': '', 'task_duration': 12.389222, 'start_time': '2025-05-26T20:18:05.550364', 'end_time': '2025-05-26T20:18:17.939599', 'prompt_count': 1}
f7491828-6149-4ff1-8e91-396ce05e17f0;A;2025-05-25T13:50:28.796121;18;Female;Specialist;;Yes;2.0;Yes;;1;5;1;2;;;Never used;;;4;;1.0;completed;0.0;2025-05-25T14:01:18.108751;2025-05-25T13:58:42.110611;2025-05-25T14:01:18.110611;5.0;test test etst;1.0;2025-05-25T13:58:42.110611;2025-05-25T14:01:18.110611;test test etst;3.0;5.0;4.0;3.0;2.0;2.0;4.0;;;;;;
fa8abc93-c131-435c-ad06-55d445465030;A;2025-05-26T21:02:20.370169;Prefer not to say;Non-binary;Medical Student (Pre-clinical);;No;0.0;Yes;;3;3;3;3;;;1-3 times per month;;;3;;1.0;completed;19.028452;2025-05-26T21:02:45.596952;2025-05-26T21:02:26.568460;2025-05-26T21:02:45.596930;;;1.0;2025-05-26T21:02:26.568460;2025-05-26T21:02:45.596930;;3.0;3.0;3.0;3.0;3.0;3.0;3.0;;;;;;
fa8abc93-c131-435c-ad06-55d445465030;A;2025-05-26T21:02:20.370169;Prefer not to say;Non-binary;Medical Student (Pre-clinical);;No;0.0;Yes;;3;3;3;3;;;1-3 times per month;;;3;;1.0;;;2025-05-26T21:02:45.613919;;;;;1.0;;;;;;;;;;;llama3-med42-8b;19.045433;A;Ollama;TASK_COMPLETION;{'timestamp': '2025-05-26T21:02:45.596952', 'user_id': 'fa8abc93-c131-435c-ad06-55d445465030', 'task_number': 1, 'difficulty': 3, 'mental_demand': 3, 'frustration': 3, 'accuracy': 3, 'task_accomplishment': 3, 'expectation_match': 3, 'clinical_usefulness': 3, 'medical_inaccuracies': '', 'task_duration': 19.045433, 'start_time': '2025-05-26T21:02:26.568460', 'end_time': '2025-05-26T21:02:45.613906', 'prompt_count': 1}
fa8abc93-c131-435c-ad06-55d445465030;A;2025-05-26T21:02:20.370169;Prefer not to say;Non-binary;Medical Student (Pre-clinical);;No;0.0;Yes;;3;3;3;3;;;1-3 times per month;;;3;;2.0;completed;11.469108;2025-05-26T21:03:01.324584;2025-05-26T21:02:49.855458;2025-05-26T21:03:01.324573;;;1.0;2025-05-26T21:02:49.855458;2025-05-26T21:03:01.324573;;3.0;3.0;3.0;3.0;3.0;3.0;3.0;;;;;;
fa8abc93-c131-435c-ad06-55d445465030;A;2025-05-26T21:02:20.370169;Prefer not to say;Non-binary;Medical Student (Pre-clinical);;No;0.0;Yes;;3;3;3;3;;;1-3 times per month;;;3;;2.0;;;2025-05-26T21:03:01.332224;;;;;1.0;;;;;;;;;;;llama3-med42-8b;11.476749;A;Ollama;TASK_COMPLETION;{'timestamp': '2025-05-26T21:03:01.324584', 'user_id': 'fa8abc93-c131-435c-ad06-55d445465030', 'task_number': 2, 'difficulty': 3, 'mental_demand': 3, 'frustration': 3, 'accuracy': 3, 'task_accomplishment': 3, 'expectation_match': 3, 'clinical_usefulness': 3, 'medical_inaccuracies': '', 'task_duration': 11.476749, 'start_time': '2025-05-26T21:02:49.855458', 'end_time': '2025-05-26T21:03:01.332215', 'prompt_count': 1}
fa8abc93-c131-435c-ad06-55d445465030;A;2025-05-26T21:02:20.370169;Prefer not to say;Non-binary;Medical Student (Pre-clinical);;No;0.0;Yes;;3;3;3;3;;;1-3 times per month;;;3;;3.0;completed;11.427882;2025-05-26T21:03:15.717928;2025-05-26T21:03:04.290027;2025-05-26T21:03:15.717918;;;1.0;2025-05-26T21:03:04.290027;2025-05-26T21:03:15.717918;;3.0;3.0;3.0;3.0;3.0;3.0;3.0;;;;;;
fa8abc93-c131-435c-ad06-55d445465030;A;2025-05-26T21:02:20.370169;Prefer not to say;Non-binary;Medical Student (Pre-clinical);;No;0.0;Yes;;3;3;3;3;;;1-3 times per month;;;3;;3.0;;;2025-05-26T21:03:15.725107;;;;;1.0;;;;;;;;;;;llama3-med42-8b;11.435064;A;Ollama;TASK_COMPLETION;{'timestamp': '2025-05-26T21:03:15.717928', 'user_id': 'fa8abc93-c131-435c-ad06-55d445465030', 'task_number': 3, 'difficulty': 3, 'mental_demand': 3, 'frustration': 3, 'accuracy': 3, 'task_accomplishment': 3, 'expectation_match': 3, 'clinical_usefulness': 3, 'medical_inaccuracies': '', 'task_duration': 11.435064, 'start_time': '2025-05-26T21:03:04.290027', 'end_time': '2025-05-26T21:03:15.725099', 'prompt_count': 1}
fac0772c-428c-4051-88af-819e70a95620;B;2025-05-29T13:01:03.088229;Prefer not to say;Prefer not to say;Medical Student (Pre-clinical);;No;0.0;Yes;;3;3;3;3;;;1-3 times per month;;;3;;1.0;completed;10.334214;2025-05-29T13:01:18.732531;2025-05-29T13:01:08.398296;2025-05-29T13:01:18.732522;;;1.0;2025-05-29T13:01:08.398296;2025-05-29T13:01:18.732522;;3.0;3.0;3.0;3.0;3.0;3.0;3.0;;;;;;
fac0772c-428c-4051-88af-819e70a95620;B;2025-05-29T13:01:03.088229;Prefer not to say;Prefer not to say;Medical Student (Pre-clinical);;No;0.0;Yes;;3;3;3;3;;;1-3 times per month;;;3;;1.0;;;2025-05-29T11:01:18.748246+00:00;;;;;1.0;;;;;;;;;;;meta-llama/Llama-3.3-70B-Instruct-Turbo-Free;10.349917;B;Together;TASK_COMPLETION;{'timestamp': '2025-05-29T13:01:18.732531', 'user_id': 'fac0772c-428c-4051-88af-819e70a95620', 'task_number': 1, 'difficulty': 3, 'mental_demand': 3, 'frustration': 3, 'accuracy': 3, 'task_accomplishment': 3, 'expectation_match': 3, 'clinical_usefulness': 3, 'medical_inaccuracies': '', 'task_duration': 10.349917, 'start_time': '2025-05-29T13:01:08.398296', 'end_time': '2025-05-29T13:01:18.748224', 'prompt_count': 1}
fac0772c-428c-4051-88af-819e70a95620;B;2025-05-29T13:01:03.088229;Prefer not to say;Prefer not to say;Medical Student (Pre-clinical);;No;0.0;Yes;;3;3;3;3;;;1-3 times per month;;;3;;2.0;completed;12.257613;2025-05-29T13:01:34.482544;2025-05-29T13:01:22.224892;2025-05-29T13:01:34.482523;;;1.0;2025-05-29T13:01:22.224892;2025-05-29T13:01:34.482523;;3.0;3.0;3.0;3.0;3.0;3.0;3.0;;;;;;
fac0772c-428c-4051-88af-819e70a95620;B;2025-05-29T13:01:03.088229;Prefer not to say;Prefer not to say;Medical Student (Pre-clinical);;No;0.0;Yes;;3;3;3;3;;;1-3 times per month;;;3;;2.0;;;2025-05-29T11:01:34.499411+00:00;;;;;1.0;;;;;;;;;;;meta-llama/Llama-3.3-70B-Instruct-Turbo-Free;12.274493;B;Together;TASK_COMPLETION;{'timestamp': '2025-05-29T13:01:34.482544', 'user_id': 'fac0772c-428c-4051-88af-819e70a95620', 'task_number': 2, 'difficulty': 3, 'mental_demand': 3, 'frustration': 3, 'accuracy': 3, 'task_accomplishment': 3, 'expectation_match': 3, 'clinical_usefulness': 3, 'medical_inaccuracies': '', 'task_duration': 12.274493, 'start_time': '2025-05-29T13:01:22.224892', 'end_time': '2025-05-29T13:01:34.499396', 'prompt_count': 1}
fccfe913-3838-4c54-ba4c-873ef7885d71;B;2025-05-26T13:40:12.041587;Prefer not to say;Prefer not to say;Medical Student (Pre-clinical);;No;0.0;Yes;;3;3;3;3;;;1-3 times per month;;;3;;1.0;started;;2025-05-26T13:40:20.556349;2025-05-26T13:40:20.556349;;;;;;;;;;;;;;;;;;;;
fd0377f4-1f25-4f11-a8ad-2576c1608257;A;2025-05-26T17:02:14.725140;Prefer not to say;Prefer not to say;Specialist;;No;0.0;Yes;;3;3;3;3;;;1-3 times per month;;;3;;1.0;completed;29.208925;2025-05-26T17:02:53.112966;2025-05-26T17:02:23.904020;2025-05-26T17:02:53.112957;;;1.0;2025-05-26T17:02:23.904020;2025-05-26T17:02:53.112957;zzz;3.0;3.0;3.0;3.0;3.0;3.0;3.0;;;;;;
fd0377f4-1f25-4f11-a8ad-2576c1608257;A;2025-05-26T17:02:14.725140;Prefer not to say;Prefer not to say;Specialist;;No;0.0;Yes;;3;3;3;3;;;1-3 times per month;;;3;;1.0;;;2025-05-26T17:02:53.121827;;;;;1.0;;;;;;;;;;;llama3-med42-8b;29.217794;A;Ollama;TASK_COMPLETION;{'timestamp': '2025-05-26T17:02:53.112966', 'user_id': 'fd0377f4-1f25-4f11-a8ad-2576c1608257', 'task_number': 1, 'difficulty': 3, 'mental_demand': 3, 'frustration': 3, 'accuracy': 3, 'task_accomplishment': 3, 'expectation_match': 3, 'clinical_usefulness': 3, 'medical_inaccuracies': 'zzz', 'task_duration': 29.217794, 'start_time': '2025-05-26T17:02:23.904020', 'end_time': '2025-05-26T17:02:53.121820', 'prompt_count': 1}
fd0377f4-1f25-4f11-a8ad-2576c1608257;A;2025-05-26T17:02:14.725140;Prefer not to say;Prefer not to say;Specialist;;No;0.0;Yes;;3;3;3;3;;;1-3 times per month;;;3;;2.0;started;;2025-05-26T17:02:56.374295;2025-05-26T17:02:56.374295;;;;;;;;;;;;;;;;;;;;
ff0e6905-215c-4e41-b034-eda80dd9e417;A;2025-05-26T17:27:59.363553;Prefer not to say;Prefer not to say;Medical Student (Pre-clinical);;No;0.0;Yes;;3;3;3;3;;;1-3 times per month;;;3;;1.0;completed;0.0;2025-05-26T17:28:38.133472;;;;;2.0;;;;3.0;3.0;3.0;3.0;3.0;3.0;3.0;;;;;;
ff0e6905-215c-4e41-b034-eda80dd9e417;A;2025-05-26T17:27:59.363553;Prefer not to say;Prefer not to say;Medical Student (Pre-clinical);;No;0.0;Yes;;3;3;3;3;;;1-3 times per month;;;3;;1.0;;;2025-05-26T17:28:38.144885;;;;;2.0;;;;;;;;;;;llama3-med42-8b;0.0;A;Ollama;TASK_COMPLETION;{'timestamp': '2025-05-26T17:28:38.133472', 'user_id': 'ff0e6905-215c-4e41-b034-eda80dd9e417', 'task_number': 1, 'difficulty': 3, 'mental_demand': 3, 'frustration': 3, 'accuracy': 3, 'task_accomplishment': 3, 'expectation_match': 3, 'clinical_usefulness': 3, 'medical_inaccuracies': '', 'prompt_count': 2, 'task_duration': 0.0, 'start_time': None, 'end_time': '2025-05-26T17:28:38.144868'}
ff0e6905-215c-4e41-b034-eda80dd9e417;A;2025-05-26T17:27:59.363553;Prefer not to say;Prefer not to say;Medical Student (Pre-clinical);;No;0.0;Yes;;3;3;3;3;;;1-3 times per month;;;3;;2.0;started;;2025-05-26T17:28:41.737507;2025-05-26T17:28:41.737507;;;;;;;;;;;;;;;;;;;;
ff92c38c-c080-45aa-a997-5f16db18c345;B;2025-05-26T19:58:50.344589;Prefer not to say;Non-binary;Medical Student (Pre-clinical);;No;0.0;Yes;;3;3;3;3;;;1-3 times per month;;;3;;1.0;completed;16.653622;2025-05-26T19:59:13.387682;2025-05-26T19:58:56.734019;2025-05-26T19:59:13.387656;;;1.0;2025-05-26T19:58:56.734019;2025-05-26T19:59:13.387656;;3.0;3.0;3.0;3.0;3.0;3.0;3.0;;;;;;
ff92c38c-c080-45aa-a997-5f16db18c345;B;2025-05-26T19:58:50.344589;Prefer not to say;Non-binary;Medical Student (Pre-clinical);;No;0.0;Yes;;3;3;3;3;;;1-3 times per month;;;3;;1.0;;;2025-05-26T19:59:13.403819;;;;;1.0;;;;;;;;;;;llama3-med42-8b;16.669772;B;Ollama;TASK_COMPLETION;{'timestamp': '2025-05-26T19:59:13.387682', 'user_id': 'ff92c38c-c080-45aa-a997-5f16db18c345', 'task_number': 1, 'difficulty': 3, 'mental_demand': 3, 'frustration': 3, 'accuracy': 3, 'task_accomplishment': 3, 'expectation_match': 3, 'clinical_usefulness': 3, 'medical_inaccuracies': '', 'task_duration': 16.669772, 'start_time': '2025-05-26T19:58:56.734019', 'end_time': '2025-05-26T19:59:13.403805', 'prompt_count': 1}
ff92c38c-c080-45aa-a997-5f16db18c345;B;2025-05-26T19:58:50.344589;Prefer not to say;Non-binary;Medical Student (Pre-clinical);;No;0.0;Yes;;3;3;3;3;;;1-3 times per month;;;3;;2.0;completed;15.080559;2025-05-26T19:59:32.379313;2025-05-26T19:59:17.298728;2025-05-26T19:59:32.379301;;;1.0;2025-05-26T19:59:17.298728;2025-05-26T19:59:32.379301;;3.0;3.0;3.0;3.0;3.0;3.0;3.0;;;;;;
ff92c38c-c080-45aa-a997-5f16db18c345;B;2025-05-26T19:58:50.344589;Prefer not to say;Non-binary;Medical Student (Pre-clinical);;No;0.0;Yes;;3;3;3;3;;;1-3 times per month;;;3;;2.0;;;2025-05-26T19:59:32.388887;;;;;1.0;;;;;;;;;;;llama3-med42-8b;15.09014;B;Ollama;TASK_COMPLETION;{'timestamp': '2025-05-26T19:59:32.379313', 'user_id': 'ff92c38c-c080-45aa-a997-5f16db18c345', 'task_number': 2, 'difficulty': 3, 'mental_demand': 3, 'frustration': 3, 'accuracy': 3, 'task_accomplishment': 3, 'expectation_match': 3, 'clinical_usefulness': 3, 'medical_inaccuracies': '', 'task_duration': 15.09014, 'start_time': '2025-05-26T19:59:17.298728', 'end_time': '2025-05-26T19:59:32.388875', 'prompt_count': 1}
ff92c38c-c080-45aa-a997-5f16db18c345;B;2025-05-26T19:58:50.344589;Prefer not to say;Non-binary;Medical Student (Pre-clinical);;No;0.0;Yes;;3;3;3;3;;;1-3 times per month;;;3;;3.0;started;;2025-05-26T20:00:20.140320;2025-05-26T20:00:20.140320;;;;;;;;;;;;;;;;;;;;
